test/data/tjf1043-04-09-12_15-16-14.log,0,0,0,0,0,0,0,0,0,0,0,0,0,0,0,0,0,0,0,0,0,0,0,0,0,0,0,0,0,0,0,0,0,0,0,0,0,0,0,0,0,0,0,0,0,0,0,0,0,0,0,0,0,0,0,0,-15634986294,95858955,-3663254.00165,239927385.239,0,1544,123.073245407,121.268354124,0,0,0,0,0,0,0,0,0,0,0,0,0,0,0,0,0,0,0,0,0,0,0,0,0,0,0,0,0,0,0,0,-15634862882,15634692387,-10227.627451,1787629381.25,11,1841,297.647058824,331.797490616,0,0,0,0,0,0,0,0,0,0,0,0,0,0,0,0,0,0,0,0,0,0,0,0,0,0,0,0,0,0,0,0,0,0,0,0,0,0,0,0,0,0,0,0,0,0,0,0,0,0,0,0,0,0,0,0,0,0,0,0,0,0,0,0,0,0,0,0,0,0,0,0,0,0,0,0,0,0,0,0,0,0,0,0,0,0,0,0,0,0,0,0,0,0,0,0,0,0,0,0,0,0,0,0,0,0,0,0,0,0,0,0,0,0,0,0,0,0,0,0,0,0,0,0,0,0,0,0,0,0,0,0,0,0,0,0,0,0,0,0,0,0,0,0,0,264,98.7056042634,31.4358343426,0,247,80.8215575039,33.300881857,0,0,0,0,0,0,0,0,0,0,0,0,0,0,0,0,0,0,0,0,0,0,0,0,93,127,109.666666667,13.8884444373,93,127,109.666666667,13.8884444373,88,128,105.857142857,14.6621823695,88,128,103.571428571,12.6022349816,187,187,187.0,0.0,78,78,78.0,0.0,112,112,112.0,0.0,112,112,112.0,0.0,0,0,0,0,0,0,0,0,0,0,0,0,0,0,0,0,0,0,0,0,0,0,0,0,0,0,0,0,0,0,0,0,0,0,0,0,0,0,0,0,0,0,0,0,0,0,0,0,31,85,65.75,17.2028340688,31,85,63.75,19.9734198374,0,0,0,0,0,0,0,0,51,56,53.5,2.5,10,56,33.0,23.0,0,0,0,0,0,0,0,0,0,0,0,0,0,0,0,0,0,0,0,0,0,0,0,0,0,0,0,0,0,0,0,0,0,0,0,0,0,0,0,0,0,0,0,0,0,0,0,0,0,0,0,0,0,0,0,0,0,0,0,0,0,0,0,0,47,47,47.0,0.0,47,47,47.0,0.0,0,0,0,0,0,0,0,0,0,0,0,0,0,0,0,0,0,0,0,0,0,0,0,0,0,0,0,0,0,0,0,0,0,0,0,0,0,0,0,0,0,0,0,0,0,0,0,0,0,0,0,0,0,0,0,0,0,296,112.947061938,36.1351552844,0,214,73.5955532028,37.0287756891,11,208,91.4587251829,29.7429534632,0,176,70.3991640543,33.3579039954,1,368,105.533417402,39.4946859713,0,368,70.0327868852,36.9126494813,0,336,100.672539257,39.2282063315,0,336,71.9234009958,34.2735334878,0,344,104.351145038,42.8689073622,0,280,69.6200654308,33.6459406876,0,240,93.2028725314,33.8359139987,0,216,73.8797127469,33.9583899135,0,296,96.0578199052,35.3054843555,0,282,71.9374407583,37.6183865387,0,211,92.3612781955,30.3524150954,0,192,63.3018796992,30.656332924,0,328,105.964556962,38.5510184337,0,208,66.4499095841,33.2203140127,0,177,89.0340909091,35.0342199154,0,156,73.8977272727,31.5799993425,0,280,103.702882483,39.0534963771,0,280,72.9733924612,35.1625834418,0,304,88.4923239809,31.7851953604,0,277,70.8073054526,31.4624639531,0,272,97.8595744681,34.1606695558,0,208,68.0153191489,33.8940241297,0,280,99.3239959501,35.7997626392,0,193,64.3995950051,31.6190777026,-15634989259,15634259820,-72.012160414,355661042.632,0,1750,84.5360931436,113.929197976,0,255,98.4241316271,38.2938126912,0,216,71.4716636197,32.2561251014,32,62,44.0,12.9614813968,0,62,31.3333333333,25.3157833947,0,256,100.419509595,35.2659772343,0,240,66.5250533049,32.1397685764,0,264,105.239226742,37.5721290442,0,256,71.1482078131,35.1003478309,0,256,92.4395892506,29.5604443524,0,187,65.6574175224,32.1298056535,9,252,98.6563823351,35.0031095772,0,193,66.1010284332,34.2014788338,1,219,96.4323144105,35.5248975287,0,184,74.0611353712,35.8087559799,0,265,100.092649784,34.0434096183,0,250,69.1593576282,35.8292988632,31,208,95.3214285714,33.5282967607,31,208,90.6071428571,34.5308757136,0,248,91.331147541,30.5445417355,0,248,73.7825136612,34.4915245821,16,192,116.388888889,48.7705955229,15,192,76.4444444444,50.8737240869,0,0,0,0,0,0,0,0,0,0,0,0,0,0,0,0,0,0,0,0,0,0,0,0,0,0,0,0,0,0,0,0,0,0,0,0,0,0,0,0,0,0,0,0,0,0,0,0,0,0,0,0,0,0,0,0,0,0,0,0,0,0,0,0,0,0,0,0,0,0,0,0,0,0,0,0,0,0,0,0,0,0,0,0,0,0,0,0,0,0,0,0,0,0,0,0,0,0,0,0,0,0,0,0,0,0,0,0,0,0,0,0,0,0,0,0,0,0,0,0,0,0,0,0,0,0,0,0,0,0,0,0,0,0,0,0,0,0,0,0,0,0,0,0,0,0,0,0,0,0,0,0,0,0,0,0,0,0,0,0,0,0,0,0,0,0,0,0,0,0,0,0,0,0,0,0,0,0,0,0,0,0,0,0,0,0,0,0,0,0,0,0,0,0,0,0,0,0,0,0,0,0,0,0,0,0,0,0,0,0,0,0,0,0,0,0,0,0,0,0,0,0,0,0,0,0,0,0,0,0,0,0,0,0,0,0,0,0,0,0,0,0,0,0,0,0,0,0,0,0,0,0,0,0,0,0,0,0,0,0,0,0,0,0,0,0,0,0,0,0,0,0,0,0,0,0,0,0,0,0,0,0,0,0,0,0,0,0,0,0,0,0,0,0,0,0,
test/data/alex-04-10-12_19-13-11.log,0,0,0,0,0,0,0,0,0,0,0,0,0,0,0,0,0,0,0,0,0,0,0,0,0,0,0,0,0,0,0,0,0,0,0,0,0,0,0,0,0,0,0,0,0,0,0,0,0,0,0,0,0,0,0,0,11,82475240,42632.963757,1862914.49955,11,1162,99.1209800919,82.6042192205,0,0,0,0,0,0,0,0,0,0,0,0,0,0,0,0,0,0,0,0,0,0,0,0,0,0,0,0,0,0,0,0,-21578640,82618430,1034584.60417,9098161.78985,11,1496,235.21875,239.045768069,0,0,0,0,0,0,0,0,0,0,0,0,0,0,0,0,0,0,0,0,0,0,0,0,0,0,0,0,0,0,0,0,0,0,0,0,0,0,0,0,0,0,0,0,0,0,0,0,0,0,0,0,0,0,0,0,0,0,0,0,0,0,0,0,0,0,0,0,0,0,0,0,0,0,0,0,0,0,0,0,0,0,0,0,0,0,0,0,0,0,0,0,0,0,0,0,0,0,0,0,0,0,0,0,0,0,0,0,0,0,0,0,0,0,0,0,0,0,0,0,0,0,0,0,0,0,0,0,0,0,0,0,0,0,0,0,0,0,0,0,0,0,0,0,0,248,100.64983871,32.6694905512,0,224,83.6862903226,33.9370689771,0,0,0,0,0,0,0,0,0,0,0,0,0,0,0,0,0,0,0,0,0,0,0,0,93,109,101.0,8.0,93,109,101.0,8.0,0,0,0,0,0,0,0,0,0,0,0,0,0,0,0,0,0,0,0,0,0,0,0,0,0,0,0,0,0,0,0,0,0,0,0,0,0,0,0,0,0,0,0,0,0,0,0,0,0,0,0,0,0,0,0,0,0,0,0,0,0,0,0,0,0,0,0,0,0,0,0,0,0,0,0,0,0,0,0,0,0,0,0,0,0,0,0,0,0,0,0,0,0,0,0,0,0,0,0,0,0,0,0,0,0,0,0,0,0,0,0,0,0,0,0,0,0,0,0,0,0,0,0,0,0,0,0,0,0,0,0,0,0,0,0,0,0,0,0,0,0,0,0,0,0,0,0,0,0,0,0,0,0,0,0,0,0,0,0,0,0,0,0,0,0,0,0,0,0,0,0,0,0,0,0,0,0,0,0,0,0,0,0,0,0,0,0,0,0,0,0,0,0,0,0,0,0,0,0,0,0,0,0,0,0,0,0,0,0,0,0,0,0,0,0,0,0,0,0,0,0,0,0,0,28,296,108.511089207,39.1943571773,0,200,73.3218334155,35.7538187587,11,208,93.958984375,30.8791159539,0,176,77.2265625,33.7993192525,14,368,107.522565321,45.9474303462,0,368,70.4180522565,40.7457332859,0,336,104.668579627,47.4118443739,0,336,73.5308464849,37.1166988758,12,344,109.109971276,49.7637278759,0,280,72.8169881001,35.9217700636,0,240,93.7815699659,39.6796910975,0,216,74.1126279863,36.985528176,12,296,101.311942959,41.4887483401,0,282,77.0106951872,42.3657349822,0,211,95.1729270021,31.5938053592,0,192,68.4989369242,31.1813100311,13,328,108.922496571,41.2369964715,0,208,68.1790123457,34.1512238289,45,176,93.4,32.1953412779,0,156,79.7,33.0160566997,43,280,111.285714286,42.6520301776,8,280,78.6218487395,37.6413842512,11,304,88.3479105928,34.4385404599,0,277,71.7755102041,32.7693168554,0,272,102.458598726,37.9865867118,0,208,72.7802547771,36.261648143,16,280,106.849590938,38.8362090605,0,193,68.4770295784,32.9168375581,0,305,97.7960462874,37.4220934721,0,203,65.7107039537,30.856250704,12,248,96.9931506849,38.5927093291,0,216,70.0890410959,31.140626953,32,62,44.0,12.9614813968,0,62,31.3333333333,25.3157833947,0,256,101.726618705,40.2079036957,0,240,66.668036999,32.9460266823,23,264,108.780320366,43.7436950433,0,256,72.6254767353,37.2978518846,11,256,93.6386382281,33.5381251856,0,184,67.8896636587,32.4426756361,14,241,103.337883959,38.2638978665,0,193,71.5437997725,34.4242431128,16,219,100.598360656,40.6844433628,0,184,79.5655737705,38.8099589435,15,265,99.4884526559,36.1619781778,0,250,72.6131639723,36.467540851,31,208,99.2666666667,39.8939705831,31,208,96.6666666667,41.5205437772,15,248,92.8402489627,33.2371305132,0,248,80.4585062241,35.6182988929,16,192,127.0,57.6667542476,15,192,75.4545454545,62.8885936129,0,0,0,0,0,0,0,0,0,0,0,0,0,0,0,0,0,0,0,0,0,0,0,0,0,0,0,0,0,0,0,0,0,0,0,0,0,0,0,0,0,0,0,0,0,0,0,0,0,0,0,0,0,0,0,0,0,0,0,0,0,0,0,0,0,0,0,0,0,0,0,0,0,0,0,0,0,0,0,0,0,0,0,0,0,0,0,0,0,0,0,0,0,0,0,0,0,0,0,0,0,0,0,0,0,0,0,0,0,0,0,0,0,0,0,0,0,0,0,0,0,0,0,0,0,0,0,0,0,0,0,0,0,0,0,0,0,0,0,0,0,0,0,0,0,0,0,0,0,0,0,0,0,0,0,0,0,0,0,0,0,0,0,0,0,0,0,0,0,0,0,0,0,0,0,0,0,0,0,0,0,0,0,0,0,0,0,0,0,0,0,0,0,0,0,0,0,0,0,0,0,0,0,0,0,0,0,0,0,0,0,0,0,0,0,0,0,0,0,0,0,0,0,0,0,0,0,0,0,0,0,0,0,0,0,0,0,0,0,0,0,0,0,0,0,0,0,0,0,0,0,0,0,0,0,0,0,0,0,0,0,0,0,0,0,0,0,0,0,0,0,0,0,0,0,0,0,0,0,0,0,0,0,0,0,0,0,0,0,0,0,0,0,0,0,0,
test/data/jfdihdjhvuUWU!!!!!jfd-04-09-12_15-56-56.log,0,0,0,0,0,0,0,0,0,0,0,0,0,0,0,0,0,0,0,0,0,0,0,0,0,0,0,0,0,0,0,0,0,0,0,0,0,0,0,0,0,0,0,0,0,0,0,0,0,0,0,0,0,0,0,0,-15634986294,82475240,-4054498.44197,251629900.977,0,1544,122.893782383,113.826131445,0,0,0,0,0,0,0,0,0,0,0,0,0,0,0,0,0,0,0,0,0,0,0,0,0,0,0,0,0,0,0,0,-15634862882,15634692387,8093.58156028,1862108908.71,11,1841,269.971631206,295.443504656,0,0,0,0,0,0,0,0,0,0,0,0,0,0,0,0,0,0,0,0,0,0,0,0,0,0,0,0,0,0,0,0,0,0,0,0,0,0,0,0,0,0,0,0,0,0,0,0,0,0,0,0,0,0,0,0,0,0,0,0,0,0,0,0,0,0,0,0,0,0,0,0,0,0,0,0,0,0,0,0,0,0,0,0,0,0,0,0,0,0,0,0,0,0,0,0,0,0,0,0,0,0,0,0,0,0,0,0,0,0,0,0,0,0,0,0,0,0,0,0,0,0,0,0,0,0,0,0,0,0,0,0,0,0,0,0,0,0,0,0,0,0,0,0,0,264,101.44015756,32.0114516446,0,224,80.9750530249,34.4304002764,0,0,0,0,0,0,0,0,0,0,0,0,0,0,0,0,0,0,0,0,0,0,0,0,93,127,109.666666667,13.8884444373,93,127,109.666666667,13.8884444373,88,128,105.857142857,14.6621823695,88,128,103.571428571,12.6022349816,187,187,187.0,0.0,78,78,78.0,0.0,112,112,112.0,0.0,112,112,112.0,0.0,0,0,0,0,0,0,0,0,0,0,0,0,0,0,0,0,0,0,0,0,0,0,0,0,0,0,0,0,0,0,0,0,0,0,0,0,0,0,0,0,0,0,0,0,0,0,0,0,31,85,65.75,17.2028340688,31,85,63.75,19.9734198374,0,0,0,0,0,0,0,0,51,51,51.0,0.0,10,10,10.0,0.0,0,0,0,0,0,0,0,0,0,0,0,0,0,0,0,0,0,0,0,0,0,0,0,0,0,0,0,0,0,0,0,0,0,0,0,0,0,0,0,0,0,0,0,0,0,0,0,0,0,0,0,0,0,0,0,0,0,0,0,0,0,0,0,0,47,47,47.0,0.0,47,47,47.0,0.0,0,0,0,0,0,0,0,0,0,0,0,0,0,0,0,0,0,0,0,0,0,0,0,0,0,0,0,0,0,0,0,0,0,0,0,0,0,0,0,0,0,0,0,0,0,0,0,0,0,0,0,0,0,0,0,0,0,296,112.780093313,36.8818698732,0,214,70.5754276827,36.16050903,11,208,94.0868486352,30.2818013753,0,176,70.6799007444,34.5692998813,1,368,107.958883994,40.3837838515,0,368,69.6534508076,38.211564517,0,336,104.16636528,40.4736691222,0,336,71.6708860759,35.6648200256,12,344,108.408530319,43.7405589191,0,280,69.4421891059,34.8313215967,0,240,95.6480686695,34.7152204459,0,216,73.0944206009,35.1240549945,0,296,99.4055248619,35.8859484401,0,282,72.182320442,39.4352804591,0,211,96.1688712522,30.1245088386,0,192,62.9409171076,31.8223414005,0,328,108.102915952,38.6706821158,0,208,66.4854202401,33.8832402919,0,177,92.1791044776,37.0634491766,0,156,75.0,33.842038681,0,280,108.25974026,39.2339644131,0,280,73.9220779221,36.7573179334,11,304,90.4522924411,32.6184033864,0,277,70.3519206939,32.5751262958,0,272,100.105577689,35.2169543441,0,208,67.374501992,35.1837972495,0,280,102.227272727,36.2052903685,0,193,63.9758893281,32.2651534963,-15634989259,15634259820,673.874962064,385189770.256,0,1591,71.5098634294,62.1692521414,12,255,100.257446809,38.253795499,0,216,70.6680851064,31.8718251244,32,62,44.0,12.9614813968,0,62,31.3333333333,25.3157833947,0,256,103.081709617,36.1623667355,0,240,65.9264613451,32.590910379,23,264,107.770218839,38.592284492,0,256,70.7078972407,35.7715199673,0,256,94.7829218107,30.1609399875,0,187,65.2093621399,32.8803150549,9,252,101.155049787,36.0589863593,0,193,66.5170697013,35.1176147208,1,219,99.041025641,36.1909233411,0,184,74.2051282051,36.5239503348,15,265,102.892753623,33.6580860877,0,250,69.5746376812,36.555688234,31,208,98.125,35.1867784118,31,208,92.625,36.6638019714,15,248,93.4878671775,31.406607783,0,248,73.6436781609,36.0198183388,16,192,117.0625,50.9883182087,15,192,78.125,53.0493579132,0,0,0,0,0,0,0,0,0,0,0,0,0,0,0,0,0,0,0,0,0,0,0,0,0,0,0,0,0,0,0,0,0,0,0,0,0,0,0,0,0,0,0,0,0,0,0,0,0,0,0,0,0,0,0,0,0,0,0,0,0,0,0,0,0,0,0,0,0,0,0,0,0,0,0,0,0,0,0,0,0,0,0,0,0,0,0,0,0,0,0,0,0,0,0,0,0,0,0,0,0,0,0,0,0,0,0,0,0,0,0,0,0,0,0,0,0,0,0,0,0,0,0,0,0,0,0,0,0,0,0,0,0,0,0,0,0,0,0,0,0,0,0,0,0,0,0,0,0,0,0,0,0,0,0,0,0,0,0,0,0,0,0,0,0,0,0,0,0,0,0,0,0,0,0,0,0,0,0,0,0,0,0,0,0,0,0,0,0,0,0,0,0,0,0,0,0,0,0,0,0,0,0,0,0,0,0,0,0,0,0,0,0,0,0,0,0,0,0,0,0,0,0,0,0,0,0,0,0,0,0,0,0,0,0,0,0,0,0,0,0,0,0,0,0,0,0,0,0,0,0,0,0,0,0,0,0,0,0,0,0,0,0,0,0,0,0,0,0,0,0,0,0,0,0,0,0,0,0,0,0,0,0,0,0,0,0,0,0,0,0,0,0,0,0,0,
test/data/anon1776-04-09-12_15-57-52.log,0,0,0,0,0,0,0,0,0,0,0,0,0,0,0,0,0,0,0,0,0,0,0,0,0,0,0,0,0,0,0,0,0,0,0,0,0,0,0,0,0,0,0,0,0,0,0,0,0,0,0,0,0,0,0,0,-99068378,82475240,-6157.80286436,2645642.58937,11,1544,118.916175232,116.622296467,0,0,0,0,0,0,0,0,0,0,0,0,0,0,0,0,0,0,0,0,0,0,0,0,0,0,0,0,0,0,0,0,-98974583,82618430,8581.37735849,12975068.5457,11,1496,226.594339623,231.251059286,0,0,0,0,0,0,0,0,0,0,0,0,0,0,0,0,0,0,0,0,0,0,0,0,0,0,0,0,0,0,0,0,0,0,0,0,0,0,0,0,0,0,0,0,0,0,0,0,0,0,0,0,0,0,0,0,0,0,0,0,0,0,0,0,0,0,0,0,0,0,0,0,0,0,0,0,0,0,0,0,0,0,0,0,0,0,0,0,0,0,0,0,0,0,0,0,0,0,0,0,0,0,0,0,0,0,0,0,0,0,0,0,0,0,0,0,0,0,0,0,0,0,0,0,0,0,0,0,0,0,0,0,0,0,0,0,0,0,0,0,0,0,0,0,0,264,106.005190797,34.4358021252,0,224,85.6073232323,35.4246918967,0,0,0,0,0,0,0,0,0,0,0,0,0,0,0,0,0,0,0,0,0,0,0,0,93,109,101.0,8.0,93,109,101.0,8.0,0,0,0,0,0,0,0,0,0,0,0,0,0,0,0,0,0,0,0,0,0,0,0,0,0,0,0,0,0,0,0,0,0,0,0,0,0,0,0,0,0,0,0,0,0,0,0,0,0,0,0,0,0,0,0,0,0,0,0,0,0,0,0,0,0,0,0,0,0,0,0,0,0,0,0,0,0,0,0,0,0,0,0,0,0,0,0,0,0,0,0,0,0,0,0,0,0,0,0,0,0,0,0,0,0,0,0,0,0,0,0,0,0,0,0,0,0,0,0,0,0,0,0,0,0,0,0,0,0,0,0,0,0,0,0,0,0,0,0,0,0,0,0,0,0,0,0,0,0,0,0,0,0,0,0,0,0,0,0,0,0,0,0,0,0,0,0,0,0,0,0,0,0,0,0,0,0,0,0,0,0,0,0,0,0,0,0,0,0,0,0,0,0,0,0,0,0,0,0,0,0,0,0,0,0,0,0,0,0,0,0,0,0,0,0,0,0,0,0,0,0,0,0,0,28,296,111.477380439,38.4130091066,0,214,73.707022835,36.3700212678,11,208,96.0392491468,30.7728687201,0,176,75.4351535836,34.4235819796,14,368,109.269151139,44.3058962644,0,368,71.3995859213,39.931045118,0,336,105.429463171,45.1688642536,0,336,74.486267166,36.8002690061,12,344,111.282032928,48.2268995816,0,280,72.6088045812,35.6958811098,0,240,95.2335329341,38.0939503751,0,216,74.5089820359,36.2731434713,12,296,101.693623639,39.6921012128,0,282,76.5194401244,40.866632592,0,211,97.7027194067,31.298988875,0,192,68.1903584672,31.3543227246,13,328,112.051466188,41.0505925822,0,208,69.4715739078,34.8319415631,45,177,100.533333333,36.8158178565,0,156,79.2888888889,33.1653247449,43,280,113.210332103,41.3664664033,8,280,78.7121771218,37.7759734363,11,304,90.9769427839,35.5738653417,0,277,71.9598633646,33.4922797683,0,272,104.887343533,37.6380514045,0,208,71.5980528512,36.2117255093,16,280,108.232545355,38.1793360413,0,193,68.4293567894,32.5357474342,0,305,102.028607488,39.4283193441,0,216,67.5927639882,31.8341291333,12,255,101.516516517,41.4628586342,0,216,70.2612612613,31.4448977165,32,62,44.0,12.9614813968,0,62,31.3333333333,25.3157833947,0,256,104.537710736,39.8345975472,0,240,67.1889973381,33.3740695953,23,264,109.541969597,42.2925291327,0,256,72.95042961,36.8133076227,11,256,95.4773295252,32.7157808585,0,184,68.0096394145,32.4384608913,14,252,106.153162055,38.4404891412,0,193,71.5197628458,34.6031796836,16,219,100.855072464,39.9660273712,0,184,78.5724637681,37.2620737521,15,265,101.818731118,36.0894515223,0,250,72.2809667674,36.2823298936,31,208,101.235294118,38.4761643737,31,208,95.9411764706,39.0978720472,15,248,95.5018115942,33.7518651709,0,248,80.347826087,35.6623461098,16,192,125.75,55.3671457936,15,192,78.5,61.0525729734,0,0,0,0,0,0,0,0,0,0,0,0,0,0,0,0,0,0,0,0,0,0,0,0,0,0,0,0,0,0,0,0,0,0,0,0,0,0,0,0,0,0,0,0,0,0,0,0,0,0,0,0,0,0,0,0,0,0,0,0,0,0,0,0,0,0,0,0,0,0,0,0,0,0,0,0,0,0,0,0,0,0,0,0,0,0,0,0,0,0,0,0,0,0,0,0,0,0,0,0,0,0,0,0,0,0,0,0,0,0,0,0,0,0,0,0,0,0,0,0,0,0,0,0,0,0,0,0,0,0,0,0,0,0,0,0,0,0,0,0,0,0,0,0,0,0,0,0,0,0,0,0,0,0,0,0,0,0,0,0,0,0,0,0,0,0,0,0,0,0,0,0,0,0,0,0,0,0,0,0,0,0,0,0,0,0,0,0,0,0,0,0,0,0,0,0,0,0,0,0,0,0,0,0,0,0,0,0,0,0,0,0,0,0,0,0,0,0,0,0,0,0,0,0,0,0,0,0,0,0,0,0,0,0,0,0,0,0,0,0,0,0,0,0,0,0,0,0,0,0,0,0,0,0,0,0,0,0,0,0,0,0,0,0,0,0,0,0,0,0,0,0,0,0,0,0,0,0,0,0,0,0,0,0,0,0,0,0,0,0,0,0,0,0,0,0,
test/data/chris-huck.log,0,0,0,0,0,0,0,0,0,0,0,0,0,0,0,0,0,0,0,0,0,0,0,0,0,0,0,0,0,0,0,0,0,0,0,0,0,0,0,0,0,0,0,0,0,0,0,0,0,0,0,0,0,0,0,0,-99068378,82475240,-4812.69674556,2217543.80333,0,1544,113.027514793,105.064798885,0,0,0,0,0,0,0,0,0,0,0,0,0,0,0,0,0,0,0,0,0,0,0,0,0,0,0,0,0,0,0,0,-98974583,15634692387,121203192.721,1371262126.77,11,1841,266.705426357,300.198239492,0,0,0,0,0,0,0,0,0,0,0,0,0,0,0,0,0,0,0,0,0,0,0,0,0,0,0,0,0,0,0,0,0,0,0,0,0,0,0,0,0,0,0,0,0,0,0,0,0,0,0,0,0,0,0,0,0,0,0,0,0,0,0,0,0,0,0,0,0,0,0,0,0,0,0,0,0,0,0,0,0,0,0,0,0,0,0,0,0,0,0,0,0,0,0,0,0,0,0,0,0,0,0,0,0,0,0,0,0,0,0,0,0,0,0,0,0,0,0,0,0,0,0,0,0,0,0,0,0,0,0,0,0,0,0,0,0,0,0,0,0,0,0,0,0,264,102.664398081,32.9362718587,0,224,82.2897467366,34.8573102721,0,0,0,0,0,0,0,0,0,0,0,0,0,0,0,0,0,0,0,0,0,0,0,0,93,127,109.666666667,13.8884444373,93,127,109.666666667,13.8884444373,88,128,105.857142857,14.6621823695,88,128,103.571428571,12.6022349816,187,187,187.0,0.0,78,78,78.0,0.0,112,112,112.0,0.0,112,112,112.0,0.0,0,0,0,0,0,0,0,0,0,0,0,0,0,0,0,0,0,0,0,0,0,0,0,0,0,0,0,0,0,0,0,0,0,0,0,0,0,0,0,0,0,0,0,0,0,0,0,0,31,85,65.75,17.2028340688,31,85,63.75,19.9734198374,0,0,0,0,0,0,0,0,0,0,0,0,0,0,0,0,0,0,0,0,0,0,0,0,0,0,0,0,0,0,0,0,0,0,0,0,0,0,0,0,0,0,0,0,0,0,0,0,0,0,0,0,0,0,0,0,0,0,0,0,0,0,0,0,0,0,0,0,0,0,0,0,0,0,0,0,0,0,0,0,47,47,47.0,0.0,47,47,47.0,0.0,0,0,0,0,0,0,0,0,0,0,0,0,0,0,0,0,0,0,0,0,0,0,0,0,0,0,0,0,0,0,0,0,0,0,0,0,0,0,0,0,0,0,0,0,0,0,0,0,0,0,0,0,0,0,0,0,0,296,111.04312115,36.9399246216,0,214,70.680698152,36.0165425686,11,208,96.3055934516,30.2082256867,0,176,71.4160982265,35.0922014953,14,368,107.957723577,41.458901205,0,368,69.5788617886,38.3074835119,0,336,104.012916046,41.7342005955,0,336,71.8971684054,36.1815927947,12,344,107.804526167,44.5978793477,0,280,69.5162659123,35.1509769158,0,240,94.6964705882,35.3648494381,0,216,71.7458823529,35.3836969868,0,296,98.9598540146,37.0502334607,0,282,71.6350364964,40.4285213901,0,211,98.0325717064,30.1838058885,0,192,64.1662615459,32.120921405,13,328,110.045605701,39.2094662443,0,208,67.1828978622,34.5646736877,16,177,95.7166666667,35.7025170292,0,156,76.5333333333,33.4197878842,0,280,109.849710983,39.2929631204,0,280,75.6358381503,36.9916455029,11,304,91.581284153,33.3305633465,0,277,70.724726776,33.3097532535,0,272,102.718853363,35.3653994005,0,208,68.3274531422,36.004344746,0,280,104.424585876,36.5665988614,0,193,65.1181342633,32.7318834244,0,15634259820,5233037.09873,285965949.61,0,1591,70.2523427041,57.9709735959,12,255,101.408983452,39.1053086872,0,216,71.2695035461,31.8494269443,32,62,44.0,12.9614813968,0,62,31.3333333333,25.3157833947,0,256,102.361924686,36.9978434394,0,240,65.8974895397,32.9481221379,23,264,107.879644165,39.4487812393,0,256,70.5536368394,36.0249365073,0,256,94.2990070922,30.8022235843,0,187,64.9912056738,33.0789673159,14,252,102.95546875,36.7026955511,0,193,67.4625,35.4025974506,16,219,99.5,36.5280021876,0,184,74.4775280899,36.4089143696,15,265,101.8336,33.8783870785,0,250,69.2952,36.8011094528,31,208,99.0,35.2730843022,31,208,92.7142857143,37.0342735175,15,248,93.6633941094,31.8341427272,0,248,75.2342215989,36.23450745,16,192,119.0,52.08710653,15,192,77.4666666667,54.7258216526,0,0,0,0,0,0,0,0,0,0,0,0,0,0,0,0,0,0,0,0,0,0,0,0,0,0,0,0,0,0,0,0,0,0,0,0,0,0,0,0,0,0,0,0,0,0,0,0,0,0,0,0,0,0,0,0,0,0,0,0,0,0,0,0,0,0,0,0,0,0,0,0,0,0,0,0,0,0,0,0,0,0,0,0,0,0,0,0,0,0,0,0,0,0,0,0,0,0,0,0,0,0,0,0,0,0,0,0,0,0,0,0,0,0,0,0,0,0,0,0,0,0,0,0,0,0,0,0,0,0,0,0,0,0,0,0,0,0,0,0,0,0,0,0,0,0,0,0,0,0,0,0,0,0,0,0,0,0,0,0,0,0,0,0,0,0,0,0,0,0,0,0,0,0,0,0,0,0,0,0,0,0,0,0,0,0,0,0,0,0,0,0,0,0,0,0,0,0,0,0,0,0,0,0,0,0,0,0,0,0,0,0,0,0,0,0,0,0,0,0,0,0,0,0,0,0,0,0,0,0,0,0,0,0,0,0,0,0,0,0,0,0,0,0,0,0,0,0,0,0,0,0,0,0,0,0,0,0,0,0,0,0,0,0,0,0,0,0,0,0,0,0,0,0,0,0,0,0,0,0,0,0,0,0,0,0,0,0,0,0,0,0,0,0,0,0,
test/data/anonymous-04-09-12_15-43-16.log,0,0,0,0,0,0,0,0,0,0,0,0,0,0,0,0,0,0,0,0,0,0,0,0,0,0,0,0,0,0,0,0,0,0,0,0,0,0,0,0,0,0,0,0,0,0,0,0,0,0,0,0,0,0,0,0,-99068378,82475240,-5628.22731872,2367652.54485,0,1544,112.387521079,105.659515107,0,0,0,0,0,0,0,0,0,0,0,0,0,0,0,0,0,0,0,0,0,0,0,0,0,0,0,0,0,0,0,0,-98974583,82618430,-190.487394958,12246868.8834,11,1841,272.74789916,310.087496963,0,0,0,0,0,0,0,0,0,0,0,0,0,0,0,0,0,0,0,0,0,0,0,0,0,0,0,0,0,0,0,0,0,0,0,0,0,0,0,0,0,0,0,0,0,0,0,0,0,0,0,0,0,0,0,0,0,0,0,0,0,0,0,0,0,0,0,0,0,0,0,0,0,0,0,0,0,0,0,0,0,0,0,0,0,0,0,0,0,0,0,0,0,0,0,0,0,0,0,0,0,0,0,0,0,0,0,0,0,0,0,0,0,0,0,0,0,0,0,0,0,0,0,0,0,0,0,0,0,0,0,0,0,0,0,0,0,0,0,0,0,0,0,0,0,264,103.533739282,33.7219063487,0,224,85.0533117932,34.1135832747,0,0,0,0,0,0,0,0,0,0,0,0,0,0,0,0,0,0,0,0,0,0,0,0,93,127,109.666666667,13.8884444373,93,127,109.666666667,13.8884444373,125,125,125.0,0.0,109,109,109.0,0.0,187,187,187.0,0.0,78,78,78.0,0.0,0,0,0,0,0,0,0,0,0,0,0,0,0,0,0,0,0,0,0,0,0,0,0,0,0,0,0,0,0,0,0,0,0,0,0,0,0,0,0,0,0,0,0,0,0,0,0,0,0,0,0,0,0,0,0,0,31,85,65.75,17.2028340688,31,85,63.75,19.9734198374,0,0,0,0,0,0,0,0,0,0,0,0,0,0,0,0,0,0,0,0,0,0,0,0,0,0,0,0,0,0,0,0,0,0,0,0,0,0,0,0,0,0,0,0,0,0,0,0,0,0,0,0,0,0,0,0,0,0,0,0,0,0,0,0,0,0,0,0,0,0,0,0,0,0,0,0,0,0,0,0,47,47,47.0,0.0,47,47,47.0,0.0,0,0,0,0,0,0,0,0,0,0,0,0,0,0,0,0,0,0,0,0,0,0,0,0,0,0,0,0,0,0,0,0,0,0,0,0,0,0,0,0,0,0,0,0,0,0,0,0,0,0,0,0,0,0,0,0,0,296,109.0304414,37.7662116786,0,214,73.1708523592,36.0090271073,11,208,96.2852807284,30.5327100706,0,176,73.8664643399,35.3068544902,14,368,107.273550725,42.9323214836,0,368,71.9365942029,38.5216102722,0,336,103.695964621,43.4535695133,0,336,74.8347153123,35.9040978911,12,344,108.323677582,46.443640378,0,280,72.233627204,35.1689814627,0,240,94.861618799,36.9621804384,0,216,73.9765013055,35.255604836,0,296,99.7105978261,38.5852978966,0,282,74.3301630435,40.8323516102,0,211,97.7491803279,31.0503370077,0,192,66.6770491803,32.0297004934,13,328,111.020127119,40.3856491123,0,208,68.7966101695,34.7509137356,16,177,97.6296296296,36.4997698097,0,156,76.4814814815,34.3375082363,0,280,111.190322581,40.7979984869,0,280,78.464516129,36.9806012651,11,304,91.3057663126,34.3848143796,0,277,71.9620637329,33.3715700378,0,272,104.118872549,36.4152162861,0,208,70.368872549,36.1727535544,0,280,106.060048426,37.460271475,0,193,67.8542372881,32.4643453178,0,26661,547.715189873,1992.55053507,0,1591,71.4277736411,59.2422412239,12,255,101.555263158,40.5667688565,0,216,71.05,32.2275646156,32,62,44.0,12.9614813968,0,62,31.3333333333,25.3157833947,0,256,102.483024691,38.4208504445,0,240,68.1388888889,32.938506585,23,264,107.244016346,40.8787594244,0,256,73.0356100409,36.2853935978,0,256,94.616356173,32.0295040452,0,187,67.4730028418,32.7864339323,14,252,104.485664639,37.6172538544,0,193,70.0286707211,34.6505711326,16,219,99.2767295597,37.9420133457,0,184,78.3710691824,35.9003781377,15,265,101.765862377,35.2086675892,0,250,72.5719392315,36.4473491118,31,208,99.6315789474,36.7855957598,31,208,94.1052631579,37.7050809599,15,248,95.2507836991,32.7997599819,0,248,78.4749216301,35.7825437456,16,192,118.928571429,53.9145677182,15,192,78.4285714286,56.5239699921,0,0,0,0,0,0,0,0,0,0,0,0,0,0,0,0,0,0,0,0,0,0,0,0,0,0,0,0,0,0,0,0,0,0,0,0,0,0,0,0,0,0,0,0,0,0,0,0,0,0,0,0,0,0,0,0,0,0,0,0,0,0,0,0,0,0,0,0,0,0,0,0,0,0,0,0,0,0,0,0,0,0,0,0,0,0,0,0,0,0,0,0,0,0,0,0,0,0,0,0,0,0,0,0,0,0,0,0,0,0,0,0,0,0,0,0,0,0,0,0,0,0,0,0,0,0,0,0,0,0,0,0,0,0,0,0,0,0,0,0,0,0,0,0,0,0,0,0,0,0,0,0,0,0,0,0,0,0,0,0,0,0,0,0,0,0,0,0,0,0,0,0,0,0,0,0,0,0,0,0,0,0,0,0,0,0,0,0,0,0,0,0,0,0,0,0,0,0,0,0,0,0,0,0,0,0,0,0,0,0,0,0,0,0,0,0,0,0,0,0,0,0,0,0,0,0,0,0,0,0,0,0,0,0,0,0,0,0,0,0,0,0,0,0,0,0,0,0,0,0,0,0,0,0,0,0,0,0,0,0,0,0,0,0,0,0,0,0,0,0,0,0,0,0,0,0,0,0,0,0,0,0,0,0,0,0,0,0,0,0,0,0,0,0,0,0,
test/data/Douglas-04-09-12_15-38-27.log,0,0,0,0,0,0,0,0,0,0,0,0,0,0,0,0,0,0,0,0,0,0,0,0,0,0,0,0,0,0,0,0,0,0,0,0,0,0,0,0,0,0,0,0,0,0,0,0,0,0,0,0,0,0,0,0,11,500,84.8706896552,40.7999810202,11,500,83.3534482759,40.7762511828,0,0,0,0,0,0,0,0,0,0,0,0,0,0,0,0,0,0,0,0,0,0,0,0,0,0,0,0,0,0,0,0,11,35013,1048.32432432,5661.64796969,11,500,113.486486486,111.86589984,0,0,0,0,0,0,0,0,0,0,0,0,0,0,0,0,0,0,0,0,0,0,0,0,0,0,0,0,0,0,0,0,0,0,0,0,0,0,0,0,0,0,0,0,0,0,0,0,0,0,0,0,0,0,0,0,0,0,0,0,0,0,0,0,0,0,0,0,0,0,0,0,0,0,0,0,0,0,0,0,0,0,0,0,0,0,0,0,0,0,0,0,0,0,0,0,0,0,0,0,0,0,0,0,0,0,0,0,0,0,0,0,0,0,0,0,0,0,0,0,0,0,0,0,0,0,0,0,0,0,0,0,0,0,0,0,0,0,0,0,0,0,0,0,72,248,156.835616438,24.221069189,8,224,113.123287671,47.711086907,0,0,0,0,0,0,0,0,0,0,0,0,0,0,0,0,0,0,0,0,0,0,0,0,0,0,0,0,0,0,0,0,0,0,0,0,0,0,0,0,0,0,0,0,0,0,0,0,0,0,0,0,0,0,0,0,0,0,0,0,0,0,0,0,0,0,0,0,0,0,0,0,0,0,0,0,0,0,0,0,0,0,0,0,0,0,0,0,0,0,0,0,0,0,0,0,0,0,0,0,0,0,0,0,0,0,0,0,0,0,0,0,0,0,0,0,0,0,0,0,0,0,0,0,0,0,0,0,0,0,0,0,0,0,0,0,0,0,0,0,0,0,0,0,0,0,0,0,0,0,0,0,0,0,0,0,0,0,0,0,0,0,0,0,0,0,0,0,0,0,0,0,0,0,0,0,0,0,0,0,0,0,0,0,0,0,0,0,0,0,0,0,0,0,0,0,0,0,0,0,0,0,0,0,0,0,0,0,0,0,0,0,0,0,0,0,0,0,0,0,0,0,0,0,0,0,0,0,0,0,0,0,0,0,0,0,0,0,0,0,0,0,0,0,0,0,0,0,0,0,0,0,0,0,0,0,104,296,162.729537367,32.0570801436,0,200,83.1352313167,55.5136756967,88,192,140.173913043,21.3106468062,13,176,111.550724638,44.895865415,104,368,186.032258065,40.7569379575,8,368,95.7419354839,70.9161102503,64,336,188.155,44.1836052739,8,336,92.695,54.5965381229,48,344,190.511904762,45.8677560902,8,280,90.6904761905,52.8942062248,72,240,159.048780488,38.3029969021,8,216,100.829268293,62.9191903096,88,296,163.620253165,38.3542131422,8,224,101.987341772,62.0037756447,64,211,142.81122449,27.5747606523,0,192,72.5102040816,43.732079688,72,240,148.472906404,26.0976379077,1,208,85.2561576355,50.5989096148,88,144,115.2,20.6145579628,88,144,109.0,22.7859605898,96,232,153.818181818,29.4345236852,17,161,87.9090909091,45.9521250449,40,304,120.767123288,43.0857763607,10,277,85.2534246575,49.0047260293,80,272,161.528735632,33.520568083,8,208,90.6781609195,55.2610303657,48,280,162.863436123,33.5486212037,8,192,77.8370044053,44.4240166602,48,237,129.873287671,35.1206487893,0,200,69.1506849315,45.2778095073,40,224,125.317073171,38.4824565822,17,216,85.487804878,43.8134192336,0,0,0,0,0,0,0,0,72,256,156.079710145,33.4421545996,8,240,83.5,51.5896925443,48,264,175.231182796,39.6277747673,8,256,91.2741935484,56.1349667793,72,256,143.841317365,32.0685357864,0,184,78.1586826347,47.1493546739,80,208,154.765625,27.7143589744,16,192,86.28125,48.8951265305,72,184,147.611111111,25.6019506394,24,184,118.277777778,45.409012267,88,232,142.959016393,28.2858354,1,232,92.6147540984,53.6521044033,120,208,164.0,44.0,120,208,164.0,44.0,56,248,143.492307692,32.2080367787,16,248,123.8,44.8509325861,144,192,170.666666667,19.9555060628,144,192,170.666666667,19.9555060628,0,0,0,0,0,0,0,0,0,0,0,0,0,0,0,0,0,0,0,0,0,0,0,0,0,0,0,0,0,0,0,0,0,0,0,0,0,0,0,0,0,0,0,0,0,0,0,0,0,0,0,0,0,0,0,0,0,0,0,0,0,0,0,0,0,0,0,0,0,0,0,0,0,0,0,0,0,0,0,0,0,0,0,0,0,0,0,0,0,0,0,0,0,0,0,0,0,0,0,0,0,0,0,0,0,0,0,0,0,0,0,0,0,0,0,0,0,0,0,0,0,0,0,0,0,0,0,0,0,0,0,0,0,0,0,0,0,0,0,0,0,0,0,0,0,0,0,0,0,0,0,0,0,0,0,0,0,0,0,0,0,0,0,0,0,0,0,0,0,0,0,0,0,0,0,0,0,0,0,0,0,0,0,0,0,0,0,0,0,0,0,0,0,0,0,0,0,0,0,0,0,0,0,0,0,0,0,0,0,0,0,0,0,0,0,0,0,0,0,0,0,0,0,0,0,0,0,0,0,0,0,0,0,0,0,0,0,0,0,0,0,0,0,0,0,0,0,0,0,0,0,0,0,0,0,0,0,0,0,0,0,0,0,0,0,0,0,0,0,0,0,0,0,0,0,0,0,0,0,0,0,0,0,0,0,0,0,0,0,0,0,0,0,0,0,0,
test/data/pete-04-10-12_18-59-38.log,0,0,0,0,0,0,0,0,0,0,0,0,0,0,0,0,0,0,0,0,0,0,0,0,0,0,0,0,0,0,0,0,0,0,0,0,0,0,0,0,0,0,0,0,0,0,0,0,0,0,0,0,0,0,0,0,-15634986294,95858955,-3663254.00165,239927385.239,0,1544,123.073245407,121.268354124,0,0,0,0,0,0,0,0,0,0,0,0,0,0,0,0,0,0,0,0,0,0,0,0,0,0,0,0,0,0,0,0,-15634862882,15634692387,649915.768212,1799410419.52,11,1841,292.675496689,330.956621668,0,0,0,0,0,0,0,0,0,0,0,0,0,0,0,0,0,0,0,0,0,0,0,0,0,0,0,0,0,0,0,0,0,0,0,0,0,0,0,0,0,0,0,0,0,0,0,0,0,0,0,0,0,0,0,0,0,0,0,0,0,0,0,0,0,0,0,0,0,0,0,0,0,0,0,0,0,0,0,0,0,0,0,0,0,0,0,0,0,0,0,0,0,0,0,0,0,0,0,0,0,0,0,0,0,0,0,0,0,0,0,0,0,0,0,0,0,0,0,0,0,0,0,0,0,0,0,0,0,0,0,0,0,0,0,0,0,0,0,0,0,0,0,0,0,264,100.374118738,31.5798751396,0,247,81.519109462,33.7374357338,0,0,0,0,0,0,0,0,0,0,0,0,0,0,0,0,0,0,0,0,0,0,0,0,93,127,109.666666667,13.8884444373,93,127,109.666666667,13.8884444373,88,128,105.857142857,14.6621823695,88,128,103.571428571,12.6022349816,187,187,187.0,0.0,78,78,78.0,0.0,112,112,112.0,0.0,112,112,112.0,0.0,0,0,0,0,0,0,0,0,0,0,0,0,0,0,0,0,0,0,0,0,0,0,0,0,0,0,0,0,0,0,0,0,0,0,0,0,0,0,0,0,0,0,0,0,0,0,0,0,31,85,65.75,17.2028340688,31,85,63.75,19.9734198374,0,0,0,0,0,0,0,0,51,51,51.0,0.0,10,10,10.0,0.0,0,0,0,0,0,0,0,0,0,0,0,0,0,0,0,0,0,0,0,0,0,0,0,0,0,0,0,0,0,0,0,0,0,0,0,0,0,0,0,0,0,0,0,0,0,0,0,0,0,0,0,0,0,0,0,0,0,0,0,0,0,0,0,0,47,47,47.0,0.0,47,47,47.0,0.0,0,0,0,0,0,0,0,0,0,0,0,0,0,0,0,0,0,0,0,0,0,0,0,0,0,0,0,0,0,0,0,0,0,0,0,0,0,0,0,0,0,0,0,0,0,0,0,0,0,0,0,0,0,0,0,0,0,296,112.943541488,36.1779053936,0,214,73.8274878814,37.2045518698,11,208,92.2673492605,30.3328177504,0,176,70.6325369738,33.840089544,1,368,105.528378378,40.0702491924,0,368,70.277027027,37.2130863617,0,336,101.584812216,39.9694803146,0,336,71.7825010318,34.6706238432,12,344,105.358184384,43.4415229755,0,280,69.6662746943,33.8686920055,0,240,93.6872586873,34.7179850554,0,216,73.3976833977,34.6033809254,0,296,97.1119023398,35.6250921827,0,282,72.0488301119,38.1371628519,0,211,93.6259634888,30.6380236676,0,192,62.9107505071,30.9574094989,0,328,106.951057165,39.2202627008,0,208,66.0763508222,33.5427012625,0,177,88.6582278481,35.6987699947,0,156,73.8860759494,31.8890431331,0,280,105.597619048,39.3772050817,0,280,73.2880952381,35.815005517,11,304,89.1994318182,32.2180691065,0,277,70.6176136364,31.9377382039,0,272,98.9679487179,34.8443146308,0,208,67.8141025641,34.5355799811,0,280,100.624636628,36.2586459699,0,193,64.3619186047,31.711645536,-15634989259,15634259820,27652.2091667,368515096.323,0,1750,78.8188888889,91.2862255575,12,255,99.3230174081,38.3776675896,0,216,71.5396518375,32.6674361882,32,62,44.0,12.9614813968,0,62,31.3333333333,25.3157833947,0,256,100.616352201,36.0388391303,0,240,66.7455688965,32.0384968743,23,264,105.596795149,37.9261301123,0,256,71.505413599,34.9472112104,0,256,93.0242581253,30.0514337765,0,187,65.6702779086,32.1501584291,9,252,99.3196347032,35.8131282619,0,193,65.9536855838,34.553415088,1,219,97.0046728972,36.1645380164,0,184,74.3738317757,35.884165504,15,265,100.365269461,34.040214047,0,250,69.5129740519,35.7127362754,31,208,96.7692307692,34.1943626621,31,208,91.6923076923,35.4344131197,0,248,91.7223529412,31.2301602959,0,248,73.4423529412,35.0128997286,16,192,115.294117647,49.9691254157,15,192,78.6470588235,51.5077848787,0,0,0,0,0,0,0,0,0,0,0,0,0,0,0,0,0,0,0,0,0,0,0,0,0,0,0,0,0,0,0,0,0,0,0,0,0,0,0,0,0,0,0,0,0,0,0,0,0,0,0,0,0,0,0,0,0,0,0,0,0,0,0,0,0,0,0,0,0,0,0,0,0,0,0,0,0,0,0,0,0,0,0,0,0,0,0,0,0,0,0,0,0,0,0,0,0,0,0,0,0,0,0,0,0,0,0,0,0,0,0,0,0,0,0,0,0,0,0,0,0,0,0,0,0,0,0,0,0,0,0,0,0,0,0,0,0,0,0,0,0,0,0,0,0,0,0,0,0,0,0,0,0,0,0,0,0,0,0,0,0,0,0,0,0,0,0,0,0,0,0,0,0,0,0,0,0,0,0,0,0,0,0,0,0,0,0,0,0,0,0,0,0,0,0,0,0,0,0,0,0,0,0,0,0,0,0,0,0,0,0,0,0,0,0,0,0,0,0,0,0,0,0,0,0,0,0,0,0,0,0,0,0,0,0,0,0,0,0,0,0,0,0,0,0,0,0,0,0,0,0,0,0,0,0,0,0,0,0,0,0,0,0,0,0,0,0,0,0,0,0,0,0,0,0,0,0,0,0,0,0,0,0,0,0,0,0,0,0,0,0,0,0,0,0,0,
test/data/Eitan-04-09-12_14-32-51.log,0,0,0,0,0,0,0,0,0,0,0,0,0,0,0,0,0,0,0,0,0,0,0,0,0,0,0,0,0,0,0,0,0,0,0,0,0,0,0,0,0,0,0,0,0,0,0,0,0,0,0,0,0,0,0,0,11,500,76.4069767442,34.0278196402,11,500,74.8441860465,33.9958465474,0,0,0,0,0,0,0,0,0,0,0,0,0,0,0,0,0,0,0,0,0,0,0,0,0,0,0,0,0,0,0,0,-4424896,131040,-86106.8085106,640250.198077,11,584,127.808510638,125.314351676,0,0,0,0,0,0,0,0,0,0,0,0,0,0,0,0,0,0,0,0,0,0,0,0,0,0,0,0,0,0,0,0,0,0,0,0,0,0,0,0,0,0,0,0,0,0,0,0,0,0,0,0,0,0,0,0,0,0,0,0,0,0,0,0,0,0,0,0,0,0,0,0,0,0,0,0,0,0,0,0,0,0,0,0,0,0,0,0,0,0,0,0,0,0,0,0,0,0,0,0,0,0,0,0,0,0,0,0,0,0,0,0,0,0,0,0,0,0,0,0,0,0,0,0,0,0,0,0,0,0,0,0,0,0,0,0,0,0,0,0,0,0,0,0,32,248,131.145868946,33.6676961639,0,224,87.0917378917,48.7815190252,0,0,0,0,0,0,0,0,0,0,0,0,0,0,0,0,0,0,0,0,0,0,0,0,0,0,0,0,0,0,0,0,0,0,0,0,0,0,0,0,0,0,0,0,0,0,0,0,0,0,0,0,0,0,0,0,0,0,0,0,0,0,0,0,0,0,0,0,0,0,0,0,0,0,0,0,0,0,0,0,0,0,0,0,0,0,0,0,0,0,0,0,0,0,0,0,0,0,0,0,0,0,0,0,0,0,0,0,0,0,0,0,0,0,0,0,0,0,0,0,0,0,0,0,0,0,0,0,0,0,0,0,0,0,0,0,0,0,0,0,0,0,0,0,0,0,0,0,0,0,0,0,0,0,0,0,0,0,0,0,0,0,0,0,0,0,0,0,0,0,0,0,0,0,0,0,0,0,0,0,0,0,0,0,0,0,0,0,0,0,0,0,0,0,0,0,0,0,0,0,0,0,0,0,0,0,0,0,0,0,0,0,0,0,0,0,0,0,0,0,0,0,0,0,0,0,0,0,0,0,0,0,0,0,0,0,0,0,0,0,0,0,0,0,0,0,0,0,0,0,0,0,0,0,0,0,40,296,129.143356643,44.1401186931,0,200,65.7534965035,46.46606106,56,192,117.062937063,29.7161905866,8,176,82.2937062937,46.7573459571,64,368,143.286885246,53.8156354128,0,368,69.2459016393,59.8965380476,48,336,145.136363636,55.3356296613,8,336,70.8762626263,49.9856781728,41,344,151.315555556,54.1190701881,0,280,67.9377777778,47.5938898454,63,240,124.24691358,46.0859451712,8,216,77.4938271605,54.3768567912,64,296,132.438709677,44.6366092872,0,224,74.7741935484,55.743947843,56,211,122.164974619,31.6066511606,0,192,57.5507614213,39.1131861641,48,240,135.310513447,29.2376471645,1,208,65.760391198,46.2970244213,64,144,99.7272727273,22.8993485778,16,144,88.8181818182,34.0182255478,72,232,134.212121212,33.3278094597,8,161,71.4696969697,41.522618771,32,304,106.683098592,40.3186025842,7,277,68.926056338,44.9280899297,64,272,133.664739884,40.1775362792,7,208,67.9942196532,49.5534390248,48,280,132.286031042,41.7373293437,0,192,60.8824833703,40.5176803438,40,237,119.302564103,34.7975695721,0,200,60.2888888889,39.1944130367,40,224,119.888888889,33.5481963968,8,216,64.962962963,41.765495962,0,0,0,0,0,0,0,0,56,256,131.597069597,37.8861644484,8,240,63.1758241758,45.6167969369,40,264,142.756097561,46.5205042295,0,256,71.1680216802,49.8151483435,48,256,117.49112426,36.3159000409,0,184,61.5872781065,41.5789306174,56,208,132.192,36.3282140491,10,192,67.404,45.0328855838,32,184,128.176470588,34.1437020187,14,184,91.3235294118,48.2449147508,32,232,123.53877551,31.5645682031,1,232,70.4612244898,48.9033566576,72,208,122.25,52.4136194133,59,208,112.5,60.1851310541,56,248,121.290076336,34.6005534416,12,248,89.427480916,50.8537838946,144,192,170.0,17.3205080757,88,192,150.0,39.7492138287,0,0,0,0,0,0,0,0,0,0,0,0,0,0,0,0,0,0,0,0,0,0,0,0,0,0,0,0,0,0,0,0,0,0,0,0,0,0,0,0,0,0,0,0,0,0,0,0,0,0,0,0,0,0,0,0,0,0,0,0,0,0,0,0,0,0,0,0,0,0,0,0,0,0,0,0,0,0,0,0,0,0,0,0,0,0,0,0,0,0,0,0,0,0,0,0,0,0,0,0,0,0,0,0,0,0,0,0,0,0,0,0,0,0,0,0,0,0,0,0,0,0,0,0,0,0,0,0,0,0,0,0,0,0,0,0,0,0,0,0,0,0,0,0,0,0,0,0,0,0,0,0,0,0,0,0,0,0,0,0,0,0,0,0,0,0,0,0,0,0,0,0,0,0,0,0,0,0,0,0,0,0,0,0,0,0,0,0,0,0,0,0,0,0,0,0,0,0,0,0,0,0,0,0,0,0,0,0,0,0,0,0,0,0,0,0,0,0,0,0,0,0,0,0,0,0,0,0,0,0,0,0,0,0,0,0,0,0,0,0,0,0,0,0,0,0,0,0,0,0,0,0,0,0,0,0,0,0,0,0,0,0,0,0,0,0,0,0,0,0,0,0,0,0,0,0,0,0,0,0,0,0,0,0,0,0,0,0,0,0,0,0,0,0,0,0,
test/data/Tylar-04-09-12_20-07-32.log,0,0,0,0,0,0,0,0,0,0,0,0,0,0,0,0,0,0,0,0,0,0,0,0,0,0,0,0,0,0,0,0,0,0,0,0,0,0,0,0,0,0,0,0,0,0,0,0,0,0,0,0,0,0,0,0,11,16656,235.859931114,1027.55862052,11,775,87.9690011481,64.487649233,0,0,0,0,0,0,0,0,0,0,0,0,0,0,0,0,0,0,0,0,0,0,0,0,0,0,0,0,0,0,0,0,-21578640,21119141,194235.722892,3834379.81997,11,1496,246.987951807,252.600904041,0,0,0,0,0,0,0,0,0,0,0,0,0,0,0,0,0,0,0,0,0,0,0,0,0,0,0,0,0,0,0,0,0,0,0,0,0,0,0,0,0,0,0,0,0,0,0,0,0,0,0,0,0,0,0,0,0,0,0,0,0,0,0,0,0,0,0,0,0,0,0,0,0,0,0,0,0,0,0,0,0,0,0,0,0,0,0,0,0,0,0,0,0,0,0,0,0,0,0,0,0,0,0,0,0,0,0,0,0,0,0,0,0,0,0,0,0,0,0,0,0,0,0,0,0,0,0,0,0,0,0,0,0,0,0,0,0,0,0,0,0,0,0,0,15,248,106.383677298,30.9862172954,0,224,87.7054409006,33.9732085764,0,0,0,0,0,0,0,0,0,0,0,0,0,0,0,0,0,0,0,0,0,0,0,0,93,109,101.0,8.0,93,109,101.0,8.0,0,0,0,0,0,0,0,0,0,0,0,0,0,0,0,0,0,0,0,0,0,0,0,0,0,0,0,0,0,0,0,0,0,0,0,0,0,0,0,0,0,0,0,0,0,0,0,0,0,0,0,0,0,0,0,0,0,0,0,0,0,0,0,0,0,0,0,0,0,0,0,0,0,0,0,0,0,0,0,0,0,0,0,0,0,0,0,0,0,0,0,0,0,0,0,0,0,0,0,0,0,0,0,0,0,0,0,0,0,0,0,0,0,0,0,0,0,0,0,0,0,0,0,0,0,0,0,0,0,0,0,0,0,0,0,0,0,0,0,0,0,0,0,0,0,0,0,0,0,0,0,0,0,0,0,0,0,0,0,0,0,0,0,0,0,0,0,0,0,0,0,0,0,0,0,0,0,0,0,0,0,0,0,0,0,0,0,0,0,0,0,0,0,0,0,0,0,0,0,0,0,0,0,0,0,0,0,0,0,0,0,0,0,0,0,0,0,0,0,0,0,0,0,0,32,296,111.94205393,39.4414615032,0,200,75.6207687894,36.451181825,11,208,99.6315789474,29.2963897703,8,176,80.7597254005,34.5313763457,32,368,113.065934066,45.9464696172,0,368,71.9285714286,42.7724024862,22,336,110.418196995,48.0471343018,0,336,75.4724540902,38.8974143171,12,344,115.719273075,50.1981926263,0,280,75.5973218556,37.0890003623,0,240,98.6023622047,39.9194483507,0,216,75.9763779528,38.7460873446,12,296,106.420289855,41.7397953996,0,282,79.1180124224,44.423434802,0,211,100.868703551,29.8218232633,0,192,70.2741535921,32.6673419169,13,328,113.527070064,40.7308733553,0,208,71.5119426752,34.5229756051,45,176,99.0294117647,31.6139259096,0,156,83.9117647059,33.7650773704,51,280,117.62254902,41.8835884534,8,280,82.6764705882,38.6159221872,11,304,93.7471783296,33.5865407571,0,277,75.0891647856,33.4233727574,0,272,108.73605948,36.8009950277,0,208,75.7026022305,37.6307736213,16,280,113.168005844,37.3648561522,0,193,71.0584368152,33.9901086142,0,305,103.908581043,35.6277893101,0,203,68.6141334829,31.6061585173,12,248,102.593625498,35.7034348231,0,216,72.8884462151,32.0263136641,32,62,44.0,12.9614813968,0,62,31.3333333333,25.3157833947,0,256,106.659498208,40.3402487775,0,240,68.5710872162,33.5526302514,23,264,113.423383525,44.2304299368,0,256,74.5075287865,38.4632177486,11,256,97.7526366251,33.6075309475,0,184,69.1375838926,33.8078825291,30,241,110.666666667,35.7558738445,0,193,74.1314741036,35.8487671892,16,219,104.547169811,41.2214754607,0,184,83.3773584906,38.855672185,32,265,105.323489933,34.5302714957,0,250,75.3302013423,37.5660272496,56,208,106.153846154,37.3586487852,56,208,103.153846154,39.8571413423,15,248,98.1146341463,32.7455680187,0,248,84.3780487805,36.4032430356,16,192,125.555555556,60.7327682211,16,192,88.4444444444,62.4893077274,0,0,0,0,0,0,0,0,0,0,0,0,0,0,0,0,0,0,0,0,0,0,0,0,0,0,0,0,0,0,0,0,0,0,0,0,0,0,0,0,0,0,0,0,0,0,0,0,0,0,0,0,0,0,0,0,0,0,0,0,0,0,0,0,0,0,0,0,0,0,0,0,0,0,0,0,0,0,0,0,0,0,0,0,0,0,0,0,0,0,0,0,0,0,0,0,0,0,0,0,0,0,0,0,0,0,0,0,0,0,0,0,0,0,0,0,0,0,0,0,0,0,0,0,0,0,0,0,0,0,0,0,0,0,0,0,0,0,0,0,0,0,0,0,0,0,0,0,0,0,0,0,0,0,0,0,0,0,0,0,0,0,0,0,0,0,0,0,0,0,0,0,0,0,0,0,0,0,0,0,0,0,0,0,0,0,0,0,0,0,0,0,0,0,0,0,0,0,0,0,0,0,0,0,0,0,0,0,0,0,0,0,0,0,0,0,0,0,0,0,0,0,0,0,0,0,0,0,0,0,0,0,0,0,0,0,0,0,0,0,0,0,0,0,0,0,0,0,0,0,0,0,0,0,0,0,0,0,0,0,0,0,0,0,0,0,0,0,0,0,0,0,0,0,0,0,0,0,0,0,0,0,0,0,0,0,0,0,0,0,0,0,0,0,0,0,
test/data/Joe-04-09-12_20-36-28.log,0,0,0,0,0,0,0,0,0,0,0,0,0,0,0,0,0,0,0,0,0,0,0,0,0,0,0,0,0,0,0,0,0,0,0,0,0,0,0,0,0,0,0,0,0,0,0,0,0,0,0,0,0,0,0,0,11,500,77.6492753623,30.1270047054,11,500,76.6753623188,30.1541758389,0,0,0,0,0,0,0,0,0,0,0,0,0,0,0,0,0,0,0,0,0,0,0,0,0,0,0,0,0,0,0,0,-4424896,21119141,298630.233333,2770231.99912,11,1496,212.55,258.857710271,0,0,0,0,0,0,0,0,0,0,0,0,0,0,0,0,0,0,0,0,0,0,0,0,0,0,0,0,0,0,0,0,0,0,0,0,0,0,0,0,0,0,0,0,0,0,0,0,0,0,0,0,0,0,0,0,0,0,0,0,0,0,0,0,0,0,0,0,0,0,0,0,0,0,0,0,0,0,0,0,0,0,0,0,0,0,0,0,0,0,0,0,0,0,0,0,0,0,0,0,0,0,0,0,0,0,0,0,0,0,0,0,0,0,0,0,0,0,0,0,0,0,0,0,0,0,0,0,0,0,0,0,0,0,0,0,0,0,0,0,0,0,0,0,31,248,113.486916951,37.8150740452,0,224,83.3071672355,41.160107092,0,0,0,0,0,0,0,0,0,0,0,0,0,0,0,0,0,0,0,0,0,0,0,0,0,0,0,0,0,0,0,0,0,0,0,0,0,0,0,0,0,0,0,0,0,0,0,0,0,0,0,0,0,0,0,0,0,0,0,0,0,0,0,0,0,0,0,0,0,0,0,0,0,0,0,0,0,0,0,0,0,0,0,0,0,0,0,0,0,0,0,0,0,0,0,0,0,0,0,0,0,0,0,0,0,0,0,0,0,0,0,0,0,0,0,0,0,0,0,0,0,0,0,0,0,0,0,0,0,0,0,0,0,0,0,0,0,0,0,0,0,0,0,0,0,0,0,0,0,0,0,0,0,0,0,0,0,0,0,0,0,0,0,0,0,0,0,0,0,0,0,0,0,0,0,0,0,0,0,0,0,0,0,0,0,0,0,0,0,0,0,0,0,0,0,0,0,0,0,0,0,0,0,0,0,0,0,0,0,0,0,0,0,0,0,0,0,0,0,0,0,0,0,0,0,0,0,0,0,0,0,0,0,0,0,0,0,0,0,0,0,0,0,0,0,0,0,0,0,0,0,0,0,0,0,0,39,296,111.539273154,44.6957925738,0,200,68.2321219226,39.2316599405,11,192,102.328767123,32.8307079195,8,176,78.2283105023,40.0088223419,32,368,116.755434783,57.9599746904,0,368,67.5706521739,49.4081867843,32,336,116.226734349,61.526404957,7,336,65.9458544839,42.1534596201,12,344,119.776803119,62.2724621312,0,280,64.61208577,39.4822684575,11,240,102.868852459,48.9231499763,1,216,71.3278688525,46.1830716667,12,296,107.482905983,50.960535746,0,224,67.235042735,48.002763126,32,211,107.21043771,33.8548768373,0,192,63.5185185185,34.1977881493,13,240,115.499186992,37.3587257489,0,208,68.1235772358,39.4359954457,63,144,92.0,23.6061432682,16,144,84.5,30.0333148354,51,232,113.5,39.8959897734,8,161,72.09,34.1250919413,11,304,95.2635294118,37.849873252,0,277,69.72,37.9281574745,11,272,113.636363636,43.634982617,0,208,68.1893939394,42.2137656307,47,280,114.734026746,42.982310726,0,192,64.2927191679,35.475319138,0,237,103.715261959,36.5748960966,0,200,64.2619589977,33.3108119531,12,224,102.677419355,36.9351105771,0,216,66.3870967742,35.3637115073,38,38,38.0,0.0,0,0,0.0,0.0,17,256,106.575903614,46.7346613981,0,240,61.3662650602,37.7086589305,23,264,115.514336918,54.1099932685,0,256,67.7455197133,41.5279381668,27,256,97.4295432459,40.9193444727,0,184,60.1613216715,34.6962274999,33,208,114.656084656,39.0175408595,0,192,70.044973545,38.3892702798,32,184,104.777777778,41.5614969015,14,184,81.5740740741,41.1058263203,32,232,103.795081967,38.659704638,1,232,67.9644808743,40.7515643285,56,208,106.666666667,49.4357045959,56,208,100.166666667,53.3460922239,15,248,101.975124378,39.4130364335,0,248,80.3631840796,44.2900035644,56,192,147.2,48.1597342185,56,192,131.2,51.7470772121,0,0,0,0,0,0,0,0,0,0,0,0,0,0,0,0,0,0,0,0,0,0,0,0,0,0,0,0,0,0,0,0,0,0,0,0,0,0,0,0,0,0,0,0,0,0,0,0,0,0,0,0,0,0,0,0,0,0,0,0,0,0,0,0,0,0,0,0,0,0,0,0,0,0,0,0,0,0,0,0,0,0,0,0,0,0,0,0,0,0,0,0,0,0,0,0,0,0,0,0,0,0,0,0,0,0,0,0,0,0,0,0,0,0,0,0,0,0,0,0,0,0,0,0,0,0,0,0,0,0,0,0,0,0,0,0,0,0,0,0,0,0,0,0,0,0,0,0,0,0,0,0,0,0,0,0,0,0,0,0,0,0,0,0,0,0,0,0,0,0,0,0,0,0,0,0,0,0,0,0,0,0,0,0,0,0,0,0,0,0,0,0,0,0,0,0,0,0,0,0,0,0,0,0,0,0,0,0,0,0,0,0,0,0,0,0,0,0,0,0,0,0,0,0,0,0,0,0,0,0,0,0,0,0,0,0,0,0,0,0,0,0,0,0,0,0,0,0,0,0,0,0,0,0,0,0,0,0,0,0,0,0,0,0,0,0,0,0,0,0,0,0,0,0,0,0,0,0,0,0,0,0,0,0,0,0,0,0,0,0,0,0,0,0,0,0,
test/data/Nate-04-09-12_14-51-30.log,0,0,0,0,0,0,0,0,0,0,0,0,0,0,0,0,0,0,0,0,0,0,0,0,0,0,0,0,0,0,0,0,0,0,0,0,0,0,0,0,0,0,0,0,0,0,0,0,0,0,0,0,0,0,0,0,11,500,76.0211817168,27.0760232319,11,500,75.2720178372,27.0573450165,0,0,0,0,0,0,0,0,0,0,0,0,0,0,0,0,0,0,0,0,0,0,0,0,0,0,0,0,0,0,0,0,-21578640,21119141,-43655.4571429,3647721.41393,11,1496,221.271428571,248.548927142,0,0,0,0,0,0,0,0,0,0,0,0,0,0,0,0,0,0,0,0,0,0,0,0,0,0,0,0,0,0,0,0,0,0,0,0,0,0,0,0,0,0,0,0,0,0,0,0,0,0,0,0,0,0,0,0,0,0,0,0,0,0,0,0,0,0,0,0,0,0,0,0,0,0,0,0,0,0,0,0,0,0,0,0,0,0,0,0,0,0,0,0,0,0,0,0,0,0,0,0,0,0,0,0,0,0,0,0,0,0,0,0,0,0,0,0,0,0,0,0,0,0,0,0,0,0,0,0,0,0,0,0,0,0,0,0,0,0,0,0,0,0,0,0,31,248,108.00455192,34.8592452279,0,224,84.0995732575,36.3791600471,0,0,0,0,0,0,0,0,0,0,0,0,0,0,0,0,0,0,0,0,0,0,0,0,0,0,0,0,0,0,0,0,0,0,0,0,0,0,0,0,0,0,0,0,0,0,0,0,0,0,0,0,0,0,0,0,0,0,0,0,0,0,0,0,0,0,0,0,0,0,0,0,0,0,0,0,0,0,0,0,0,0,0,0,0,0,0,0,0,0,0,0,0,0,0,0,0,0,0,0,0,0,0,0,0,0,0,0,0,0,0,0,0,0,0,0,0,0,0,0,0,0,0,0,0,0,0,0,0,0,0,0,0,0,0,0,0,0,0,0,0,0,0,0,0,0,0,0,0,0,0,0,0,0,0,0,0,0,0,0,0,0,0,0,0,0,0,0,0,0,0,0,0,0,0,0,0,0,0,0,0,0,0,0,0,0,0,0,0,0,0,0,0,0,0,0,0,0,0,0,0,0,0,0,0,0,0,0,0,0,0,0,0,0,0,0,0,0,0,0,0,0,0,0,0,0,0,0,0,0,0,0,0,0,0,0,0,0,0,0,0,0,0,0,0,0,0,0,0,0,0,0,0,0,0,0,32,296,114.093064091,42.8816094352,0,200,72.0,38.171163886,11,208,99.6354166667,31.9940705634,8,176,78.375,36.2575423188,32,368,117.240816327,51.7630705898,0,368,68.7836734694,47.20331771,32,336,116.857503153,55.3420511026,7,336,71.7868852459,42.1884169722,12,344,123.362170088,56.8709959628,0,280,72.8093841642,39.9322597217,11,240,102.371069182,44.5406398357,1,216,73.7421383648,43.0655802144,12,296,106.939297125,46.4957948095,0,224,71.7955271565,45.1337704207,32,211,103.318181818,31.9848807832,0,192,65.9583333333,31.9422147333,13,240,111.57837181,37.0621410954,0,208,69.0595382746,35.4562705805,63,176,100.952380952,30.7501083087,16,144,81.9047619048,27.7881522577,51,232,112.207407407,38.6030312178,8,162,74.6222222222,34.4879724964,11,304,93.6217162872,36.2643121265,0,277,70.7793345009,34.4931322931,11,272,110.478753541,40.2760337798,0,208,71.3682719547,39.2388676999,47,280,113.629753915,40.503161538,0,192,67.1219239374,33.4682678904,0,248,105.066496164,35.9847321666,0,200,65.9130434783,31.88009198,12,248,102.323170732,38.7806426404,0,216,69.9085365854,33.0889072165,38,38,38.0,0.0,0,0,0.0,0.0,17,256,113.010869565,45.3817929155,0,240,66.1974637681,36.3183757051,23,264,118.264705882,49.9778773015,0,256,72.7045454545,40.3831532975,27,256,99.0651537335,37.260540495,0,184,65.102489019,34.6080294716,30,208,114.026,37.1285513318,0,192,70.956,35.0078000451,32,184,107.271428571,39.5997552044,14,184,82.9714285714,39.5112900424,32,232,105.425051335,36.516402727,1,232,73.3675564682,39.320752482,56,208,112.0,43.9801091404,56,208,107.125,47.9125179363,15,248,99.5501858736,35.6090175127,0,248,82.2118959108,39.4545016741,56,192,153.166666667,45.9435039538,32,192,114.666666667,59.9851833557,0,0,0,0,0,0,0,0,0,0,0,0,0,0,0,0,0,0,0,0,0,0,0,0,0,0,0,0,0,0,0,0,0,0,0,0,0,0,0,0,0,0,0,0,0,0,0,0,0,0,0,0,0,0,0,0,0,0,0,0,0,0,0,0,0,0,0,0,0,0,0,0,0,0,0,0,0,0,0,0,0,0,0,0,0,0,0,0,0,0,0,0,0,0,0,0,0,0,0,0,0,0,0,0,0,0,0,0,0,0,0,0,0,0,0,0,0,0,0,0,0,0,0,0,0,0,0,0,0,0,0,0,0,0,0,0,0,0,0,0,0,0,0,0,0,0,0,0,0,0,0,0,0,0,0,0,0,0,0,0,0,0,0,0,0,0,0,0,0,0,0,0,0,0,0,0,0,0,0,0,0,0,0,0,0,0,0,0,0,0,0,0,0,0,0,0,0,0,0,0,0,0,0,0,0,0,0,0,0,0,0,0,0,0,0,0,0,0,0,0,0,0,0,0,0,0,0,0,0,0,0,0,0,0,0,0,0,0,0,0,0,0,0,0,0,0,0,0,0,0,0,0,0,0,0,0,0,0,0,0,0,0,0,0,0,0,0,0,0,0,0,0,0,0,0,0,0,0,0,0,0,0,0,0,0,0,0,0,0,0,0,0,0,0,0,0,
test/data/Sarah-04-09-12_19-50-41.log,0,0,0,0,0,0,0,0,0,0,0,0,0,0,0,0,0,0,0,0,0,0,0,0,0,0,0,0,0,0,0,0,0,0,0,0,0,0,0,0,0,0,0,0,0,0,0,0,0,0,0,0,0,0,0,0,11,500,79.6350245499,26.2183207791,11,500,79.085106383,26.2819776223,0,0,0,0,0,0,0,0,0,0,0,0,0,0,0,0,0,0,0,0,0,0,0,0,0,0,0,0,0,0,0,0,-21578640,21119141,187773.282051,3954893.40021,11,1496,232.653846154,247.864356356,0,0,0,0,0,0,0,0,0,0,0,0,0,0,0,0,0,0,0,0,0,0,0,0,0,0,0,0,0,0,0,0,0,0,0,0,0,0,0,0,0,0,0,0,0,0,0,0,0,0,0,0,0,0,0,0,0,0,0,0,0,0,0,0,0,0,0,0,0,0,0,0,0,0,0,0,0,0,0,0,0,0,0,0,0,0,0,0,0,0,0,0,0,0,0,0,0,0,0,0,0,0,0,0,0,0,0,0,0,0,0,0,0,0,0,0,0,0,0,0,0,0,0,0,0,0,0,0,0,0,0,0,0,0,0,0,0,0,0,0,0,0,0,0,31,248,108.682528892,32.4190575412,0,224,88.8885112169,35.4686571439,0,0,0,0,0,0,0,0,0,0,0,0,0,0,0,0,0,0,0,0,0,0,0,0,93,109,101.0,8.0,93,109,101.0,8.0,0,0,0,0,0,0,0,0,0,0,0,0,0,0,0,0,0,0,0,0,0,0,0,0,0,0,0,0,0,0,0,0,0,0,0,0,0,0,0,0,0,0,0,0,0,0,0,0,0,0,0,0,0,0,0,0,0,0,0,0,0,0,0,0,0,0,0,0,0,0,0,0,0,0,0,0,0,0,0,0,0,0,0,0,0,0,0,0,0,0,0,0,0,0,0,0,0,0,0,0,0,0,0,0,0,0,0,0,0,0,0,0,0,0,0,0,0,0,0,0,0,0,0,0,0,0,0,0,0,0,0,0,0,0,0,0,0,0,0,0,0,0,0,0,0,0,0,0,0,0,0,0,0,0,0,0,0,0,0,0,0,0,0,0,0,0,0,0,0,0,0,0,0,0,0,0,0,0,0,0,0,0,0,0,0,0,0,0,0,0,0,0,0,0,0,0,0,0,0,0,0,0,0,0,0,0,0,0,0,0,0,0,0,0,0,0,0,0,0,0,0,0,0,0,32,296,111.346368715,39.9712728645,0,200,76.6843575419,37.0718889571,11,208,98.6277777778,31.1365327684,8,176,79.3416666667,34.8092809703,32,368,112.297029703,48.6367035794,0,368,71.0231023102,44.3195282962,22,336,113.361895161,51.2475518656,1,336,75.002016129,40.3213652539,12,344,117.329644729,53.102835483,0,280,76.5037856727,38.0562317707,8,240,100.497487437,41.5295347312,1,216,75.4422110553,40.4613523291,12,296,108.623409669,44.9890081184,0,282,79.4376590331,46.4075518841,32,211,102.628,30.2876148945,0,192,71.571,32.8062945027,13,328,115.170212766,42.0028326685,0,208,73.6798839458,35.3787334298,63,176,105.111111111,30.5993625367,16,156,89.4444444444,30.9136591329,51,280,118.621301775,43.6511021377,8,280,83.201183432,41.0145853523,11,304,94.6251728907,34.6477916056,0,277,75.5753803596,34.9838263711,11,272,109.793333333,37.7803529188,0,208,76.48,38.6142840583,16,280,114.946113074,38.3669482051,0,193,72.5291519435,34.9735644485,0,305,104.439972715,36.1247574669,0,203,70.2776261937,32.204687343,12,248,101.048543689,35.9036949827,0,216,75.0048543689,32.6510675085,32,62,44.0,12.9614813968,0,62,31.3333333333,25.3157833947,17,256,107.928882438,42.6073563434,0,240,69.7373004354,34.4683328168,23,264,115.012765957,46.4156274904,0,256,76.8659574468,38.8469598284,11,256,99.1875,35.3220729725,0,184,69.8574766355,34.4983680392,30,241,113.802884615,36.5463078831,0,193,76.6778846154,36.7795375543,32,184,100.840909091,38.8616094634,14,184,81.5113636364,36.7714051201,32,250,103.921311475,35.4884932391,0,250,76.1098360656,38.1601380076,56,208,104.7,42.3297767535,56,208,100.8,45.0306562244,15,248,99.8702064897,34.616665598,0,248,84.8230088496,38.1395272832,16,192,124.75,64.3714804863,16,192,95.875,62.4188222814,0,0,0,0,0,0,0,0,0,0,0,0,0,0,0,0,0,0,0,0,0,0,0,0,0,0,0,0,0,0,0,0,0,0,0,0,0,0,0,0,0,0,0,0,0,0,0,0,0,0,0,0,0,0,0,0,0,0,0,0,0,0,0,0,0,0,0,0,0,0,0,0,0,0,0,0,0,0,0,0,0,0,0,0,0,0,0,0,0,0,0,0,0,0,0,0,0,0,0,0,0,0,0,0,0,0,0,0,0,0,0,0,0,0,0,0,0,0,0,0,0,0,0,0,0,0,0,0,0,0,0,0,0,0,0,0,0,0,0,0,0,0,0,0,0,0,0,0,0,0,0,0,0,0,0,0,0,0,0,0,0,0,0,0,0,0,0,0,0,0,0,0,0,0,0,0,0,0,0,0,0,0,0,0,0,0,0,0,0,0,0,0,0,0,0,0,0,0,0,0,0,0,0,0,0,0,0,0,0,0,0,0,0,0,0,0,0,0,0,0,0,0,0,0,0,0,0,0,0,0,0,0,0,0,0,0,0,0,0,0,0,0,0,0,0,0,0,0,0,0,0,0,0,0,0,0,0,0,0,0,0,0,0,0,0,0,0,0,0,0,0,0,0,0,0,0,0,0,0,0,0,0,0,0,0,0,0,0,0,0,0,0,0,0,0,0,
