Name,1_down_min,1_down_max,1_down_avg,1_down_std,1_fly_min,1_fly_max,1_fly_avg,1_fly_std,2_down_min,2_down_max,2_down_avg,2_down_std,2_fly_min,2_fly_max,2_fly_avg,2_fly_std,3_down_min,3_down_max,3_down_avg,3_down_std,3_fly_min,3_fly_max,3_fly_avg,3_fly_std,4_down_min,4_down_max,4_down_avg,4_down_std,4_fly_min,4_fly_max,4_fly_avg,4_fly_std,5_down_min,5_down_max,5_down_avg,5_down_std,5_fly_min,5_fly_max,5_fly_avg,5_fly_std,6_down_min,6_down_max,6_down_avg,6_down_std,6_fly_min,6_fly_max,6_fly_avg,6_fly_std,7_down_min,7_down_max,7_down_avg,7_down_std,7_fly_min,7_fly_max,7_fly_avg,7_fly_std,8_down_min,8_down_max,8_down_avg,8_down_std,8_fly_min,8_fly_max,8_fly_avg,8_fly_std,9_down_min,9_down_max,9_down_avg,9_down_std,9_fly_min,9_fly_max,9_fly_avg,9_fly_std,10_down_min,10_down_max,10_down_avg,10_down_std,10_fly_min,10_fly_max,10_fly_avg,10_fly_std,11_down_min,11_down_max,11_down_avg,11_down_std,11_fly_min,11_fly_max,11_fly_avg,11_fly_std,12_down_min,12_down_max,12_down_avg,12_down_std,12_fly_min,12_fly_max,12_fly_avg,12_fly_std,13_down_min,13_down_max,13_down_avg,13_down_std,13_fly_min,13_fly_max,13_fly_avg,13_fly_std,14_down_min,14_down_max,14_down_avg,14_down_std,14_fly_min,14_fly_max,14_fly_avg,14_fly_std,15_down_min,15_down_max,15_down_avg,15_down_std,15_fly_min,15_fly_max,15_fly_avg,15_fly_std,16_down_min,16_down_max,16_down_avg,16_down_std,16_fly_min,16_fly_max,16_fly_avg,16_fly_std,17_down_min,17_down_max,17_down_avg,17_down_std,17_fly_min,17_fly_max,17_fly_avg,17_fly_std,18_down_min,18_down_max,18_down_avg,18_down_std,18_fly_min,18_fly_max,18_fly_avg,18_fly_std,19_down_min,19_down_max,19_down_avg,19_down_std,19_fly_min,19_fly_max,19_fly_avg,19_fly_std,20_down_min,20_down_max,20_down_avg,20_down_std,20_fly_min,20_fly_max,20_fly_avg,20_fly_std,21_down_min,21_down_max,21_down_avg,21_down_std,21_fly_min,21_fly_max,21_fly_avg,21_fly_std,22_down_min,22_down_max,22_down_avg,22_down_std,22_fly_min,22_fly_max,22_fly_avg,22_fly_std,23_down_min,23_down_max,23_down_avg,23_down_std,23_fly_min,23_fly_max,23_fly_avg,23_fly_std,24_down_min,24_down_max,24_down_avg,24_down_std,24_fly_min,24_fly_max,24_fly_avg,24_fly_std,25_down_min,25_down_max,25_down_avg,25_down_std,25_fly_min,25_fly_max,25_fly_avg,25_fly_std,26_down_min,26_down_max,26_down_avg,26_down_std,26_fly_min,26_fly_max,26_fly_avg,26_fly_std,27_down_min,27_down_max,27_down_avg,27_down_std,27_fly_min,27_fly_max,27_fly_avg,27_fly_std,28_down_min,28_down_max,28_down_avg,28_down_std,28_fly_min,28_fly_max,28_fly_avg,28_fly_std,29_down_min,29_down_max,29_down_avg,29_down_std,29_fly_min,29_fly_max,29_fly_avg,29_fly_std,30_down_min,30_down_max,30_down_avg,30_down_std,30_fly_min,30_fly_max,30_fly_avg,30_fly_std,31_down_min,31_down_max,31_down_avg,31_down_std,31_fly_min,31_fly_max,31_fly_avg,31_fly_std,32_down_min,32_down_max,32_down_avg,32_down_std,32_fly_min,32_fly_max,32_fly_avg,32_fly_std,33_down_min,33_down_max,33_down_avg,33_down_std,33_fly_min,33_fly_max,33_fly_avg,33_fly_std,34_down_min,34_down_max,34_down_avg,34_down_std,34_fly_min,34_fly_max,34_fly_avg,34_fly_std,35_down_min,35_down_max,35_down_avg,35_down_std,35_fly_min,35_fly_max,35_fly_avg,35_fly_std,36_down_min,36_down_max,36_down_avg,36_down_std,36_fly_min,36_fly_max,36_fly_avg,36_fly_std,37_down_min,37_down_max,37_down_avg,37_down_std,37_fly_min,37_fly_max,37_fly_avg,37_fly_std,38_down_min,38_down_max,38_down_avg,38_down_std,38_fly_min,38_fly_max,38_fly_avg,38_fly_std,39_down_min,39_down_max,39_down_avg,39_down_std,39_fly_min,39_fly_max,39_fly_avg,39_fly_std,40_down_min,40_down_max,40_down_avg,40_down_std,40_fly_min,40_fly_max,40_fly_avg,40_fly_std,41_down_min,41_down_max,41_down_avg,41_down_std,41_fly_min,41_fly_max,41_fly_avg,41_fly_std,42_down_min,42_down_max,42_down_avg,42_down_std,42_fly_min,42_fly_max,42_fly_avg,42_fly_std,43_down_min,43_down_max,43_down_avg,43_down_std,43_fly_min,43_fly_max,43_fly_avg,43_fly_std,44_down_min,44_down_max,44_down_avg,44_down_std,44_fly_min,44_fly_max,44_fly_avg,44_fly_std,45_down_min,45_down_max,45_down_avg,45_down_std,45_fly_min,45_fly_max,45_fly_avg,45_fly_std,46_down_min,46_down_max,46_down_avg,46_down_std,46_fly_min,46_fly_max,46_fly_avg,46_fly_std,47_down_min,47_down_max,47_down_avg,47_down_std,47_fly_min,47_fly_max,47_fly_avg,47_fly_std,48_down_min,48_down_max,48_down_avg,48_down_std,48_fly_min,48_fly_max,48_fly_avg,48_fly_std,49_down_min,49_down_max,49_down_avg,49_down_std,49_fly_min,49_fly_max,49_fly_avg,49_fly_std,50_down_min,50_down_max,50_down_avg,50_down_std,50_fly_min,50_fly_max,50_fly_avg,50_fly_std,51_down_min,51_down_max,51_down_avg,51_down_std,51_fly_min,51_fly_max,51_fly_avg,51_fly_std,52_down_min,52_down_max,52_down_avg,52_down_std,52_fly_min,52_fly_max,52_fly_avg,52_fly_std,53_down_min,53_down_max,53_down_avg,53_down_std,53_fly_min,53_fly_max,53_fly_avg,53_fly_std,54_down_min,54_down_max,54_down_avg,54_down_std,54_fly_min,54_fly_max,54_fly_avg,54_fly_std,55_down_min,55_down_max,55_down_avg,55_down_std,55_fly_min,55_fly_max,55_fly_avg,55_fly_std,56_down_min,56_down_max,56_down_avg,56_down_std,56_fly_min,56_fly_max,56_fly_avg,56_fly_std,57_down_min,57_down_max,57_down_avg,57_down_std,57_fly_min,57_fly_max,57_fly_avg,57_fly_std,58_down_min,58_down_max,58_down_avg,58_down_std,58_fly_min,58_fly_max,58_fly_avg,58_fly_std,59_down_min,59_down_max,59_down_avg,59_down_std,59_fly_min,59_fly_max,59_fly_avg,59_fly_std,60_down_min,60_down_max,60_down_avg,60_down_std,60_fly_min,60_fly_max,60_fly_avg,60_fly_std,61_down_min,61_down_max,61_down_avg,61_down_std,61_fly_min,61_fly_max,61_fly_avg,61_fly_std,62_down_min,62_down_max,62_down_avg,62_down_std,62_fly_min,62_fly_max,62_fly_avg,62_fly_std,63_down_min,63_down_max,63_down_avg,63_down_std,63_fly_min,63_fly_max,63_fly_avg,63_fly_std,64_down_min,64_down_max,64_down_avg,64_down_std,64_fly_min,64_fly_max,64_fly_avg,64_fly_std,65_down_min,65_down_max,65_down_avg,65_down_std,65_fly_min,65_fly_max,65_fly_avg,65_fly_std,66_down_min,66_down_max,66_down_avg,66_down_std,66_fly_min,66_fly_max,66_fly_avg,66_fly_std,67_down_min,67_down_max,67_down_avg,67_down_std,67_fly_min,67_fly_max,67_fly_avg,67_fly_std,68_down_min,68_down_max,68_down_avg,68_down_std,68_fly_min,68_fly_max,68_fly_avg,68_fly_std,69_down_min,69_down_max,69_down_avg,69_down_std,69_fly_min,69_fly_max,69_fly_avg,69_fly_std,70_down_min,70_down_max,70_down_avg,70_down_std,70_fly_min,70_fly_max,70_fly_avg,70_fly_std,71_down_min,71_down_max,71_down_avg,71_down_std,71_fly_min,71_fly_max,71_fly_avg,71_fly_std,72_down_min,72_down_max,72_down_avg,72_down_std,72_fly_min,72_fly_max,72_fly_avg,72_fly_std,73_down_min,73_down_max,73_down_avg,73_down_std,73_fly_min,73_fly_max,73_fly_avg,73_fly_std,74_down_min,74_down_max,74_down_avg,74_down_std,74_fly_min,74_fly_max,74_fly_avg,74_fly_std,75_down_min,75_down_max,75_down_avg,75_down_std,75_fly_min,75_fly_max,75_fly_avg,75_fly_std,76_down_min,76_down_max,76_down_avg,76_down_std,76_fly_min,76_fly_max,76_fly_avg,76_fly_std,77_down_min,77_down_max,77_down_avg,77_down_std,77_fly_min,77_fly_max,77_fly_avg,77_fly_std,78_down_min,78_down_max,78_down_avg,78_down_std,78_fly_min,78_fly_max,78_fly_avg,78_fly_std,79_down_min,79_down_max,79_down_avg,79_down_std,79_fly_min,79_fly_max,79_fly_avg,79_fly_std,80_down_min,80_down_max,80_down_avg,80_down_std,80_fly_min,80_fly_max,80_fly_avg,80_fly_std,81_down_min,81_down_max,81_down_avg,81_down_std,81_fly_min,81_fly_max,81_fly_avg,81_fly_std,82_down_min,82_down_max,82_down_avg,82_down_std,82_fly_min,82_fly_max,82_fly_avg,82_fly_std,83_down_min,83_down_max,83_down_avg,83_down_std,83_fly_min,83_fly_max,83_fly_avg,83_fly_std,84_down_min,84_down_max,84_down_avg,84_down_std,84_fly_min,84_fly_max,84_fly_avg,84_fly_std,85_down_min,85_down_max,85_down_avg,85_down_std,85_fly_min,85_fly_max,85_fly_avg,85_fly_std,86_down_min,86_down_max,86_down_avg,86_down_std,86_fly_min,86_fly_max,86_fly_avg,86_fly_std,87_down_min,87_down_max,87_down_avg,87_down_std,87_fly_min,87_fly_max,87_fly_avg,87_fly_std,88_down_min,88_down_max,88_down_avg,88_down_std,88_fly_min,88_fly_max,88_fly_avg,88_fly_std,89_down_min,89_down_max,89_down_avg,89_down_std,89_fly_min,89_fly_max,89_fly_avg,89_fly_std,90_down_min,90_down_max,90_down_avg,90_down_std,90_fly_min,90_fly_max,90_fly_avg,90_fly_std,91_down_min,91_down_max,91_down_avg,91_down_std,91_fly_min,91_fly_max,91_fly_avg,91_fly_std,92_down_min,92_down_max,92_down_avg,92_down_std,92_fly_min,92_fly_max,92_fly_avg,92_fly_std,93_down_min,93_down_max,93_down_avg,93_down_std,93_fly_min,93_fly_max,93_fly_avg,93_fly_std,94_down_min,94_down_max,94_down_avg,94_down_std,94_fly_min,94_fly_max,94_fly_avg,94_fly_std,95_down_min,95_down_max,95_down_avg,95_down_std,95_fly_min,95_fly_max,95_fly_avg,95_fly_std,96_down_min,96_down_max,96_down_avg,96_down_std,96_fly_min,96_fly_max,96_fly_avg,96_fly_std,97_down_min,97_down_max,97_down_avg,97_down_std,97_fly_min,97_fly_max,97_fly_avg,97_fly_std,98_down_min,98_down_max,98_down_avg,98_down_std,98_fly_min,98_fly_max,98_fly_avg,98_fly_std,99_down_min,99_down_max,99_down_avg,99_down_std,99_fly_min,99_fly_max,99_fly_avg,99_fly_std,100_down_min,100_down_max,100_down_avg,100_down_std,100_fly_min,100_fly_max,100_fly_avg,100_fly_std,101_down_min,101_down_max,101_down_avg,101_down_std,101_fly_min,101_fly_max,101_fly_avg,101_fly_std,102_down_min,102_down_max,102_down_avg,102_down_std,102_fly_min,102_fly_max,102_fly_avg,102_fly_std,103_down_min,103_down_max,103_down_avg,103_down_std,103_fly_min,103_fly_max,103_fly_avg,103_fly_std,104_down_min,104_down_max,104_down_avg,104_down_std,104_fly_min,104_fly_max,104_fly_avg,104_fly_std,105_down_min,105_down_max,105_down_avg,105_down_std,105_fly_min,105_fly_max,105_fly_avg,105_fly_std,106_down_min,106_down_max,106_down_avg,106_down_std,106_fly_min,106_fly_max,106_fly_avg,106_fly_std,107_down_min,107_down_max,107_down_avg,107_down_std,107_fly_min,107_fly_max,107_fly_avg,107_fly_std,108_down_min,108_down_max,108_down_avg,108_down_std,108_fly_min,108_fly_max,108_fly_avg,108_fly_std,109_down_min,109_down_max,109_down_avg,109_down_std,109_fly_min,109_fly_max,109_fly_avg,109_fly_std,110_down_min,110_down_max,110_down_avg,110_down_std,110_fly_min,110_fly_max,110_fly_avg,110_fly_std,111_down_min,111_down_max,111_down_avg,111_down_std,111_fly_min,111_fly_max,111_fly_avg,111_fly_std,112_down_min,112_down_max,112_down_avg,112_down_std,112_fly_min,112_fly_max,112_fly_avg,112_fly_std,113_down_min,113_down_max,113_down_avg,113_down_std,113_fly_min,113_fly_max,113_fly_avg,113_fly_std,114_down_min,114_down_max,114_down_avg,114_down_std,114_fly_min,114_fly_max,114_fly_avg,114_fly_std,115_down_min,115_down_max,115_down_avg,115_down_std,115_fly_min,115_fly_max,115_fly_avg,115_fly_std,116_down_min,116_down_max,116_down_avg,116_down_std,116_fly_min,116_fly_max,116_fly_avg,116_fly_std,117_down_min,117_down_max,117_down_avg,117_down_std,117_fly_min,117_fly_max,117_fly_avg,117_fly_std,118_down_min,118_down_max,118_down_avg,118_down_std,118_fly_min,118_fly_max,118_fly_avg,118_fly_std,119_down_min,119_down_max,119_down_avg,119_down_std,119_fly_min,119_fly_max,119_fly_avg,119_fly_std,120_down_min,120_down_max,120_down_avg,120_down_std,120_fly_min,120_fly_max,120_fly_avg,120_fly_std,121_down_min,121_down_max,121_down_avg,121_down_std,121_fly_min,121_fly_max,121_fly_avg,121_fly_std,122_down_min,122_down_max,122_down_avg,122_down_std,122_fly_min,122_fly_max,122_fly_avg,122_fly_std,123_down_min,123_down_max,123_down_avg,123_down_std,123_fly_min,123_fly_max,123_fly_avg,123_fly_std,124_down_min,124_down_max,124_down_avg,124_down_std,124_fly_min,124_fly_max,124_fly_avg,124_fly_std,125_down_min,125_down_max,125_down_avg,125_down_std,125_fly_min,125_fly_max,125_fly_avg,125_fly_std,126_down_min,126_down_max,126_down_avg,126_down_std,126_fly_min,126_fly_max,126_fly_avg,126_fly_std,127_down_min,127_down_max,127_down_avg,127_down_std,127_fly_min,127_fly_max,127_fly_avg,127_fly_std,8472_min,8472_max,8472_avg,8472_std,7269_min,7269_max,7269_avg,7269_std,7378_min,7378_max,7378_avg,7378_std,6978_min,6978_max,6978_avg,6978_std,7884_min,7884_max,7884_avg,7884_std,8269_min,8269_max,8269_avg,8269_std,6982_min,6982_max,6982_avg,6982_std,6578_min,6578_max,6578_avg,6578_std,8473_min,8473_max,8473_avg,8473_std,6983_min,6983_max,6983_avg,6983_std,7978_min,7978_max,7978_avg,7978_std,6584_min,6584_max,6584_avg,6584_std
../data/Douglas-04-09-12_15-38-27 (1).log,0,0,0,0,0,0,0,0,
0,0,0,0,0,0,0,0,
0,0,0,0,0,0,0,0,
0,0,0,0,0,0,0,0,
0,0,0,0,0,0,0,0,
0,0,0,0,0,0,0,0,
0,0,0,0,0,0,0,0,
11,500,84.8706896551724,40.799981020198,11,500,83.3534482758621,40.7762511828048,
0,0,0,0,0,0,0,0,
0,0,0,0,0,0,0,0,
0,0,0,0,0,0,0,0,
0,0,0,0,0,0,0,0,
11,35013,1048.32432432432,5661.64796968617,11,500,113.486486486486,111.865899840455,
0,0,0,0,0,0,0,0,
0,0,0,0,0,0,0,0,
0,0,0,0,0,0,0,0,
0,0,0,0,0,0,0,0,
0,0,0,0,0,0,0,0,
0,0,0,0,0,0,0,0,
0,0,0,0,0,0,0,0,
0,0,0,0,0,0,0,0,
0,0,0,0,0,0,0,0,
0,0,0,0,0,0,0,0,
0,0,0,0,0,0,0,0,
0,0,0,0,0,0,0,0,
0,0,0,0,0,0,0,0,
0,0,0,0,0,0,0,0,
0,0,0,0,0,0,0,0,
0,0,0,0,0,0,0,0,
0,0,0,0,0,0,0,0,
0,0,0,0,0,0,0,0,
72,248,156.835616438356,24.221069188963,8,224,113.123287671233,47.7110869070152,
0,0,0,0,0,0,0,0,
0,0,0,0,0,0,0,0,
0,0,0,0,0,0,0,0,
0,0,0,0,0,0,0,0,
0,0,0,0,0,0,0,0,
0,0,0,0,0,0,0,0,
0,0,0,0,0,0,0,0,
0,0,0,0,0,0,0,0,
0,0,0,0,0,0,0,0,
0,0,0,0,0,0,0,0,
0,0,0,0,0,0,0,0,
0,0,0,0,0,0,0,0,
0,0,0,0,0,0,0,0,
0,0,0,0,0,0,0,0,
0,0,0,0,0,0,0,0,
0,0,0,0,0,0,0,0,
0,0,0,0,0,0,0,0,
0,0,0,0,0,0,0,0,
0,0,0,0,0,0,0,0,
0,0,0,0,0,0,0,0,
0,0,0,0,0,0,0,0,
0,0,0,0,0,0,0,0,
0,0,0,0,0,0,0,0,
0,0,0,0,0,0,0,0,
0,0,0,0,0,0,0,0,
0,0,0,0,0,0,0,0,
0,0,0,0,0,0,0,0,
0,0,0,0,0,0,0,0,
0,0,0,0,0,0,0,0,
0,0,0,0,0,0,0,0,
0,0,0,0,0,0,0,0,
0,0,0,0,0,0,0,0,
104,296,162.729537366548,32.0570801435573,0,200,83.135231316726,55.5136756967083,
88,192,140.173913043478,21.3106468061574,13,176,111.550724637681,44.8958654149684,
104,368,186.032258064516,40.7569379575471,8,368,95.741935483871,70.9161102502675,
64,336,188.155,44.1836052739022,8,336,92.695,54.5965381228517,
48,344,190.511904761905,45.86775609023,8,280,90.6904761904762,52.8942062248238,
72,240,159.048780487805,38.3029969021162,8,216,100.829268292683,62.9191903096401,
88,296,163.620253164557,38.3542131422181,8,224,101.987341772152,62.0037756447109,
64,211,142.811224489796,27.5747606522928,0,192,72.5102040816327,43.7320796879808,
72,240,148.472906403941,26.0976379076862,1,208,85.256157635468,50.5989096147511,
88,144,115.2,20.6145579627602,88,144,109,22.7859605898018,
96,232,153.818181818182,29.4345236851729,17,161,87.9090909090909,45.9521250449122,
40,304,120.767123287671,43.085776360665,10,277,85.2534246575343,49.0047260292641,
80,272,161.528735632184,33.5205680830184,8,208,90.6781609195402,55.2610303656886,
48,280,162.863436123348,33.5486212036922,8,192,77.8370044052864,44.4240166601879,
48,237,129.873287671233,35.1206487893234,0,200,69.1506849315068,45.277809507279,
40,224,125.317073170732,38.4824565822454,17,216,85.4878048780488,43.8134192335811,
0,0,0,0,0,0,0,0,
72,256,156.079710144928,33.4421545996039,8,240,83.5,51.5896925442631,
48,264,175.231182795699,39.6277747673219,8,256,91.2741935483871,56.134966779338,
72,256,143.841317365269,32.0685357864388,0,184,78.1586826347305,47.1493546739374,
80,208,154.765625,27.7143589743543,16,192,86.28125,48.8951265305398,
72,184,147.611111111111,25.6019506394183,24,184,118.277777777778,45.4090122669689,
88,232,142.959016393443,28.2858354000447,1,232,92.6147540983606,53.6521044033386,
120,208,164,44,120,208,164,44,
56,248,143.492307692308,32.208036778669,16,248,123.8,44.8509325861364,
144,192,170.666666666667,19.9555060627944,144,192,170.666666666667,19.9555060627944,
0,0,0,0,0,0,0,0,
0,0,0,0,0,0,0,0,
0,0,0,0,0,0,0,0,
0,0,0,0,0,0,0,0,
0,0,0,0,0,0,0,0,
0,0,0,0,0,0,0,0,
0,0,0,0,0,0,0,0,
0,0,0,0,0,0,0,0,
0,0,0,0,0,0,0,0,
0,0,0,0,0,0,0,0,
0,0,0,0,0,0,0,0,
0,0,0,0,0,0,0,0,
0,0,0,0,0,0,0,0,
0,0,0,0,0,0,0,0,
0,0,0,0,0,0,0,0,
0,0,0,0,0,0,0,0,
0,0,0,0,0,0,0,0,
0,0,0,0,0,0,0,0,
0,0,0,0,0,0,0,0,
0,0,0,0,0,0,0,0,
0,0,0,0,0,0,0,0,
0,0,0,0,0,0,0,0,
0,0,0,0,0,0,0,0,
0,0,0,0,0,0,0,0,
0,0,0,0,0,0,0,0,
0,0,0,0,0,0,0,0,
0,0,0,0,0,0,0,0,
0,0,0,0,0,0,0,0,
0,0,0,0,0,0,0,0,
0,0,0,0,0,0,0,0,
0,0,0,0,0,0,0,0,
0,0,0,0,0,0,0,0,
0,0,0,0,0,0,0,0,
0,0,0,0,0,0,0,0,
0,0,0,0,0,0,0,0,
0,0,0,0,0,0,0,0,
0,0,0,0,0,0,0,0,
../data/Douglas-04-09-12_15-38-27.log,0,0,0,0,0,0,0,0,
0,0,0,0,0,0,0,0,
0,0,0,0,0,0,0,0,
0,0,0,0,0,0,0,0,
0,0,0,0,0,0,0,0,
0,0,0,0,0,0,0,0,
0,0,0,0,0,0,0,0,
11,500,84.8706896551724,40.799981020198,11,500,83.3534482758621,40.7762511828048,
0,0,0,0,0,0,0,0,
0,0,0,0,0,0,0,0,
0,0,0,0,0,0,0,0,
0,0,0,0,0,0,0,0,
-995688,253527,0,126213.627273233,11,2416,191.52,337.542939885678,
0,0,0,0,0,0,0,0,
0,0,0,0,0,0,0,0,
0,0,0,0,0,0,0,0,
0,0,0,0,0,0,0,0,
0,0,0,0,0,0,0,0,
0,0,0,0,0,0,0,0,
0,0,0,0,0,0,0,0,
0,0,0,0,0,0,0,0,
0,0,0,0,0,0,0,0,
0,0,0,0,0,0,0,0,
0,0,0,0,0,0,0,0,
0,0,0,0,0,0,0,0,
0,0,0,0,0,0,0,0,
0,0,0,0,0,0,0,0,
0,0,0,0,0,0,0,0,
0,0,0,0,0,0,0,0,
0,0,0,0,0,0,0,0,
0,0,0,0,0,0,0,0,
72,248,156.835616438356,24.221069188963,8,224,113.123287671233,47.7110869070152,
0,0,0,0,0,0,0,0,
0,0,0,0,0,0,0,0,
0,0,0,0,0,0,0,0,
0,0,0,0,0,0,0,0,
0,0,0,0,0,0,0,0,
0,0,0,0,0,0,0,0,
0,0,0,0,0,0,0,0,
0,0,0,0,0,0,0,0,
0,0,0,0,0,0,0,0,
0,0,0,0,0,0,0,0,
0,0,0,0,0,0,0,0,
0,0,0,0,0,0,0,0,
0,0,0,0,0,0,0,0,
0,0,0,0,0,0,0,0,
0,0,0,0,0,0,0,0,
0,0,0,0,0,0,0,0,
0,0,0,0,0,0,0,0,
0,0,0,0,0,0,0,0,
0,0,0,0,0,0,0,0,
0,0,0,0,0,0,0,0,
0,0,0,0,0,0,0,0,
0,0,0,0,0,0,0,0,
0,0,0,0,0,0,0,0,
0,0,0,0,0,0,0,0,
0,0,0,0,0,0,0,0,
0,0,0,0,0,0,0,0,
0,0,0,0,0,0,0,0,
0,0,0,0,0,0,0,0,
0,0,0,0,0,0,0,0,
0,0,0,0,0,0,0,0,
0,0,0,0,0,0,0,0,
0,0,0,0,0,0,0,0,
104,296,162.729537366548,32.0570801435573,0,200,83.135231316726,55.5136756967083,
88,192,140.173913043478,21.3106468061574,13,176,111.550724637681,44.8958654149684,
104,368,186.032258064516,40.756937957547,8,368,95.741935483871,70.9161102502675,
64,336,188.155,44.1836052739022,8,336,92.695,54.5965381228517,
48,344,190.511904761905,45.8677560902301,8,280,90.6904761904762,52.8942062248239,
72,240,159.048780487805,38.3029969021162,8,216,100.829268292683,62.9191903096401,
88,296,163.620253164557,38.3542131422181,8,224,101.987341772152,62.0037756447109,
64,211,142.811224489796,27.5747606522928,0,192,72.5102040816327,43.7320796879808,
72,240,148.472906403941,26.0976379076862,1,208,85.256157635468,50.5989096147511,
88,144,115.2,20.6145579627602,88,144,109,22.7859605898018,
96,232,153.818181818182,29.4345236851729,17,161,87.9090909090909,45.9521250449122,
40,304,120.767123287671,43.085776360665,10,277,85.2534246575343,49.0047260292641,
80,272,161.528735632184,33.5205680830184,8,208,90.6781609195402,55.2610303656886,
48,280,162.863436123348,33.5486212036922,8,192,77.8370044052864,44.424016660188,
48,237,129.873287671233,35.1206487893233,0,200,69.1506849315068,45.277809507279,
40,224,125.317073170732,38.4824565822454,17,216,85.4878048780488,43.8134192335811,
0,0,0,0,0,0,0,0,
72,256,156.079710144928,33.4421545996039,8,240,83.5,51.5896925442631,
48,264,175.231182795699,39.6277747673219,8,256,91.2741935483871,56.134966779338,
72,256,143.841317365269,32.0685357864388,0,184,78.1586826347305,47.1493546739374,
80,208,154.765625,27.7143589743543,16,192,86.28125,48.8951265305398,
72,184,147.611111111111,25.6019506394183,24,184,118.277777777778,45.4090122669689,
88,232,142.959016393443,28.2858354000446,1,232,92.6147540983606,53.6521044033386,
120,208,164,44,120,208,164,44,
56,248,143.492307692308,32.208036778669,16,248,123.8,44.8509325861364,
144,192,170.666666666667,19.9555060627944,144,192,170.666666666667,19.9555060627944,
0,0,0,0,0,0,0,0,
0,0,0,0,0,0,0,0,
0,0,0,0,0,0,0,0,
0,0,0,0,0,0,0,0,
0,0,0,0,0,0,0,0,
0,0,0,0,0,0,0,0,
0,0,0,0,0,0,0,0,
0,0,0,0,0,0,0,0,
0,0,0,0,0,0,0,0,
0,0,0,0,0,0,0,0,
0,0,0,0,0,0,0,0,
0,0,0,0,0,0,0,0,
0,0,0,0,0,0,0,0,
0,0,0,0,0,0,0,0,
0,0,0,0,0,0,0,0,
0,0,0,0,0,0,0,0,
0,0,0,0,0,0,0,0,
0,0,0,0,0,0,0,0,
0,0,0,0,0,0,0,0,
0,0,0,0,0,0,0,0,
0,0,0,0,0,0,0,0,
0,0,0,0,0,0,0,0,
0,0,0,0,0,0,0,0,
0,0,0,0,0,0,0,0,
0,0,0,0,0,0,0,0,
0,0,0,0,0,0,0,0,
0,0,0,0,0,0,0,0,
0,0,0,0,0,0,0,0,
0,0,0,0,0,0,0,0,
0,0,0,0,0,0,0,0,
0,0,0,0,0,0,0,0,
0,0,0,0,0,0,0,0,
0,0,0,0,0,0,0,0,
0,0,0,0,0,0,0,0,
0,0,0,0,0,0,0,0,
0,0,0,0,0,0,0,0,
0,0,0,0,0,0,0,0,
../data/Eitan-04-09-12_14-32-51.log,0,0,0,0,0,0,0,0,
0,0,0,0,0,0,0,0,
0,0,0,0,0,0,0,0,
0,0,0,0,0,0,0,0,
0,0,0,0,0,0,0,0,
0,0,0,0,0,0,0,0,
0,0,0,0,0,0,0,0,
11,500,79.3731117824773,36.7666940398362,11,500,77.8262839879154,36.74064039431,
0,0,0,0,0,0,0,0,
0,0,0,0,0,0,0,0,
0,0,0,0,0,0,0,0,
0,0,0,0,0,0,0,0,
-995688,253527,15.1529411764706,118557.067210145,11,2416,184.141176470588,318.101543274958,
0,0,0,0,0,0,0,0,
0,0,0,0,0,0,0,0,
0,0,0,0,0,0,0,0,
0,0,0,0,0,0,0,0,
0,0,0,0,0,0,0,0,
0,0,0,0,0,0,0,0,
0,0,0,0,0,0,0,0,
0,0,0,0,0,0,0,0,
0,0,0,0,0,0,0,0,
0,0,0,0,0,0,0,0,
0,0,0,0,0,0,0,0,
0,0,0,0,0,0,0,0,
0,0,0,0,0,0,0,0,
0,0,0,0,0,0,0,0,
0,0,0,0,0,0,0,0,
0,0,0,0,0,0,0,0,
0,0,0,0,0,0,0,0,
0,0,0,0,0,0,0,0,
32,248,139.699353857849,33.1362619254279,0,224,95.7590269859369,49.9574551913311,
0,0,0,0,0,0,0,0,
0,0,0,0,0,0,0,0,
0,0,0,0,0,0,0,0,
0,0,0,0,0,0,0,0,
0,0,0,0,0,0,0,0,
0,0,0,0,0,0,0,0,
0,0,0,0,0,0,0,0,
0,0,0,0,0,0,0,0,
0,0,0,0,0,0,0,0,
0,0,0,0,0,0,0,0,
0,0,0,0,0,0,0,0,
0,0,0,0,0,0,0,0,
0,0,0,0,0,0,0,0,
0,0,0,0,0,0,0,0,
0,0,0,0,0,0,0,0,
0,0,0,0,0,0,0,0,
0,0,0,0,0,0,0,0,
0,0,0,0,0,0,0,0,
0,0,0,0,0,0,0,0,
0,0,0,0,0,0,0,0,
0,0,0,0,0,0,0,0,
0,0,0,0,0,0,0,0,
0,0,0,0,0,0,0,0,
0,0,0,0,0,0,0,0,
0,0,0,0,0,0,0,0,
0,0,0,0,0,0,0,0,
0,0,0,0,0,0,0,0,
0,0,0,0,0,0,0,0,
0,0,0,0,0,0,0,0,
0,0,0,0,0,0,0,0,
0,0,0,0,0,0,0,0,
0,0,0,0,0,0,0,0,
40,296,140.207502930832,43.5228345826301,0,200,71.4794841735053,50.2969947404564,
56,192,124.584905660377,29.3379360068503,8,176,91.8160377358491,48.1522656391915,
64,368,157.690217391304,53.7420035705669,0,368,78.1739130434783,65.0397217585317,
48,336,159.572147651007,55.6975578376545,8,336,78.1979865771812,52.597793826445,
41,344,164.342235410485,54.7319480652641,0,280,75.4995054401583,50.5673914484015,
63,240,135.94262295082,46.6200722232788,8,216,85.3360655737705,58.4386480380945,
64,296,142.965811965812,45.0980757684397,0,224,83.9615384615385,59.3450958466826,
56,211,129.023728813559,31.8477221013545,0,192,62.5203389830508,41.3110822725472,
48,240,139.676470588235,28.9069371430844,1,208,72.2271241830065,48.6408645967888,
64,144,104.5625,23.3397963519393,16,144,95.125,32.3320177996982,
72,232,140.747474747475,33.3873330587307,8,161,76.9494949494949,43.7417521777913,
32,304,111.46511627907,41.8142897779891,7,277,74.4697674418605,46.9929016652798,
64,272,142.988461538462,40.2856610005163,7,208,75.5846153846154,52.6335348811272,
48,280,142.523598820059,41.7591620388525,0,192,66.5589970501475,42.6238805356157,
40,237,122.822120866591,35.2591683388072,0,200,63.2394526795895,41.5299992537066,
40,224,121.713114754098,35.3765411546804,8,216,71.8606557377049,43.5574456893405,
0,0,0,0,0,0,0,0,
56,256,139.817518248175,38.2441037189617,8,240,70,48.6617502432831,
40,264,153.63963963964,46.9057311838133,0,256,77.9063063063063,52.8774740085776,
48,256,126.20495049505,37.1008603253178,0,184,67.0673267326733,44.1931563827644,
56,208,139.835978835979,35.313704891195,10,192,73.7962962962963,47.2293546849259,
32,184,134.903846153846,32.7814790670355,14,184,100.653846153846,48.9905346491248,
32,232,129.994550408719,31.8556857004581,1,232,77.8256130790191,51.5979225453909,
72,208,136.166666666667,53.5176502556763,59,208,129.666666666667,60.4115515076012,
56,248,128.65306122449,35.4041108073268,12,248,100.826530612245,51.5505548397869,
144,192,170.285714285714,18.4987589214156,88,192,158.857142857143,34.3237883832713,
0,0,0,0,0,0,0,0,
0,0,0,0,0,0,0,0,
0,0,0,0,0,0,0,0,
0,0,0,0,0,0,0,0,
0,0,0,0,0,0,0,0,
0,0,0,0,0,0,0,0,
0,0,0,0,0,0,0,0,
0,0,0,0,0,0,0,0,
0,0,0,0,0,0,0,0,
0,0,0,0,0,0,0,0,
0,0,0,0,0,0,0,0,
0,0,0,0,0,0,0,0,
0,0,0,0,0,0,0,0,
0,0,0,0,0,0,0,0,
0,0,0,0,0,0,0,0,
0,0,0,0,0,0,0,0,
0,0,0,0,0,0,0,0,
0,0,0,0,0,0,0,0,
0,0,0,0,0,0,0,0,
0,0,0,0,0,0,0,0,
0,0,0,0,0,0,0,0,
0,0,0,0,0,0,0,0,
0,0,0,0,0,0,0,0,
0,0,0,0,0,0,0,0,
0,0,0,0,0,0,0,0,
0,0,0,0,0,0,0,0,
0,0,0,0,0,0,0,0,
0,0,0,0,0,0,0,0,
0,0,0,0,0,0,0,0,
0,0,0,0,0,0,0,0,
0,0,0,0,0,0,0,0,
0,0,0,0,0,0,0,0,
0,0,0,0,0,0,0,0,
0,0,0,0,0,0,0,0,
0,0,0,0,0,0,0,0,
0,0,0,0,0,0,0,0,
0,0,0,0,0,0,0,0,
../data/Joe-04-09-12_20-36-28.log,0,0,0,0,0,0,0,0,
0,0,0,0,0,0,0,0,
0,0,0,0,0,0,0,0,
0,0,0,0,0,0,0,0,
0,0,0,0,0,0,0,0,
0,0,0,0,0,0,0,0,
0,0,0,0,0,0,0,0,
11,500,79.4663774403471,33.285712765325,11,500,78.3557483731019,33.2754447278605,
0,0,0,0,0,0,0,0,
0,0,0,0,0,0,0,0,
0,0,0,0,0,0,0,0,
0,0,0,0,0,0,0,0,
-995688,253527,25.8571428571429,110413.934846956,11,2416,172.428571428571,297.893488704008,
0,0,0,0,0,0,0,0,
0,0,0,0,0,0,0,0,
0,0,0,0,0,0,0,0,
0,0,0,0,0,0,0,0,
0,0,0,0,0,0,0,0,
0,0,0,0,0,0,0,0,
0,0,0,0,0,0,0,0,
0,0,0,0,0,0,0,0,
0,0,0,0,0,0,0,0,
0,0,0,0,0,0,0,0,
0,0,0,0,0,0,0,0,
0,0,0,0,0,0,0,0,
0,0,0,0,0,0,0,0,
0,0,0,0,0,0,0,0,
0,0,0,0,0,0,0,0,
0,0,0,0,0,0,0,0,
0,0,0,0,0,0,0,0,
0,0,0,0,0,0,0,0,
31,248,124.296327924851,39.6411476516775,0,224,90.7421007685739,44.7854052136704,
0,0,0,0,0,0,0,0,
0,0,0,0,0,0,0,0,
0,0,0,0,0,0,0,0,
0,0,0,0,0,0,0,0,
0,0,0,0,0,0,0,0,
0,0,0,0,0,0,0,0,
0,0,0,0,0,0,0,0,
0,0,0,0,0,0,0,0,
0,0,0,0,0,0,0,0,
0,0,0,0,0,0,0,0,
0,0,0,0,0,0,0,0,
0,0,0,0,0,0,0,0,
0,0,0,0,0,0,0,0,
0,0,0,0,0,0,0,0,
0,0,0,0,0,0,0,0,
0,0,0,0,0,0,0,0,
0,0,0,0,0,0,0,0,
0,0,0,0,0,0,0,0,
0,0,0,0,0,0,0,0,
0,0,0,0,0,0,0,0,
0,0,0,0,0,0,0,0,
0,0,0,0,0,0,0,0,
0,0,0,0,0,0,0,0,
0,0,0,0,0,0,0,0,
0,0,0,0,0,0,0,0,
0,0,0,0,0,0,0,0,
0,0,0,0,0,0,0,0,
0,0,0,0,0,0,0,0,
0,0,0,0,0,0,0,0,
0,0,0,0,0,0,0,0,
0,0,0,0,0,0,0,0,
0,0,0,0,0,0,0,0,
39,296,124.223985890653,47.3895551376135,0,200,71.9250440917108,44.3032940035612,
11,192,111.395833333333,34.4870585127394,8,176,86.2118055555556,43.6166252651182,
32,368,134.215447154472,61.9360272273133,0,368,74.6707317073171,56.9474986162834,
32,336,134.413400758534,65.5693321397978,7,336,72.7092288242731,47.07947288272,
12,344,137.226872246696,66.1063248070684,0,280,71.0455212922173,44.6192505164744,
11,240,117,52.484879505312,1,216,78.7484662576687,52.4977760041099,
12,296,121.651757188498,53.9206920139544,0,224,76.0063897763578,54.0453007009939,
32,211,116.043037974684,35.8729921452652,0,192,65.7493670886076,36.9988089901288,
13,240,123.682151589242,37.6988024462862,0,208,72.3753056234719,43.1205704457483,
63,144,97.5238095238095,24.9678251005055,16,144,90.3333333333333,30.3273149445517,
51,232,123.503759398496,41.4123994471726,8,161,76.015037593985,38.0288740642235,
11,304,101.784588441331,40.8013963991809,0,277,73.69176882662,41.6013890570641,
11,272,125.507122507123,46.2405370990348,0,208,73.7635327635328,46.8136078914655,
47,280,126.873333333333,45.8505974758114,0,192,67.7088888888889,38.3853520802009,
0,237,110.24358974359,37.9453675755957,0,200,65.4820512820513,36.7260372841348,
12,224,108.30303030303,38.5864514206931,0,216,71.1333333333333,38.535231158046,
38,38,38,0,0,0,0,0,
17,256,118.929475587703,48.7556228416392,0,240,66.8896925858951,42.6968004113495,
23,264,130.443548387097,57.0714703437181,0,256,73.627688172043,46.7440967123246,
27,256,108.802641232575,43.7560259804859,0,184,64.5715333822451,38.9038713659692,
33,208,124.802371541502,40.4422742162568,0,192,74.1521739130435,41.8989298355108,
32,184,115.486111111111,42.4663242580242,14,184,90.75,45.1148996082964,
32,232,113.586065573771,40.1066300384972,1,232,74.1270491803279,45.5969989968876,
56,208,121,54.1594867036238,56,208,116.125,58.1580551170687,
15,248,112.12030075188,41.7799530289051,0,248,90.9774436090226,48.1893143500198,
56,192,156,41.5692193816531,56,192,146,46.776062254106,
0,0,0,0,0,0,0,0,
0,0,0,0,0,0,0,0,
0,0,0,0,0,0,0,0,
0,0,0,0,0,0,0,0,
0,0,0,0,0,0,0,0,
0,0,0,0,0,0,0,0,
0,0,0,0,0,0,0,0,
0,0,0,0,0,0,0,0,
0,0,0,0,0,0,0,0,
0,0,0,0,0,0,0,0,
0,0,0,0,0,0,0,0,
0,0,0,0,0,0,0,0,
0,0,0,0,0,0,0,0,
0,0,0,0,0,0,0,0,
0,0,0,0,0,0,0,0,
0,0,0,0,0,0,0,0,
0,0,0,0,0,0,0,0,
0,0,0,0,0,0,0,0,
0,0,0,0,0,0,0,0,
0,0,0,0,0,0,0,0,
0,0,0,0,0,0,0,0,
0,0,0,0,0,0,0,0,
0,0,0,0,0,0,0,0,
0,0,0,0,0,0,0,0,
0,0,0,0,0,0,0,0,
0,0,0,0,0,0,0,0,
0,0,0,0,0,0,0,0,
0,0,0,0,0,0,0,0,
0,0,0,0,0,0,0,0,
0,0,0,0,0,0,0,0,
0,0,0,0,0,0,0,0,
0,0,0,0,0,0,0,0,
0,0,0,0,0,0,0,0,
0,0,0,0,0,0,0,0,
0,0,0,0,0,0,0,0,
0,0,0,0,0,0,0,0,
0,0,0,0,0,0,0,0,
../data/Nate-04-09-12_14-51-30.log,0,0,0,0,0,0,0,0,
0,0,0,0,0,0,0,0,
0,0,0,0,0,0,0,0,
0,0,0,0,0,0,0,0,
0,0,0,0,0,0,0,0,
0,0,0,0,0,0,0,0,
0,0,0,0,0,0,0,0,
11,500,77.8396811337467,30.6156490184845,11,500,76.9326837909655,30.5613104602669,
0,0,0,0,0,0,0,0,
0,0,0,0,0,0,0,0,
0,0,0,0,0,0,0,0,
0,0,0,0,0,0,0,0,
-995688,253527,29.8333333333333,105178.03444799,11,2416,162.833333333333,285.367518071645,
0,0,0,0,0,0,0,0,
0,0,0,0,0,0,0,0,
0,0,0,0,0,0,0,0,
0,0,0,0,0,0,0,0,
0,0,0,0,0,0,0,0,
0,0,0,0,0,0,0,0,
0,0,0,0,0,0,0,0,
0,0,0,0,0,0,0,0,
0,0,0,0,0,0,0,0,
0,0,0,0,0,0,0,0,
0,0,0,0,0,0,0,0,
0,0,0,0,0,0,0,0,
0,0,0,0,0,0,0,0,
0,0,0,0,0,0,0,0,
0,0,0,0,0,0,0,0,
0,0,0,0,0,0,0,0,
0,0,0,0,0,0,0,0,
0,0,0,0,0,0,0,0,
31,248,117.746299248463,38.3481260247644,0,224,89.8897745388294,40.5964712757752,
0,0,0,0,0,0,0,0,
0,0,0,0,0,0,0,0,
0,0,0,0,0,0,0,0,
0,0,0,0,0,0,0,0,
0,0,0,0,0,0,0,0,
0,0,0,0,0,0,0,0,
0,0,0,0,0,0,0,0,
0,0,0,0,0,0,0,0,
0,0,0,0,0,0,0,0,
0,0,0,0,0,0,0,0,
0,0,0,0,0,0,0,0,
0,0,0,0,0,0,0,0,
0,0,0,0,0,0,0,0,
0,0,0,0,0,0,0,0,
0,0,0,0,0,0,0,0,
0,0,0,0,0,0,0,0,
0,0,0,0,0,0,0,0,
0,0,0,0,0,0,0,0,
0,0,0,0,0,0,0,0,
0,0,0,0,0,0,0,0,
0,0,0,0,0,0,0,0,
0,0,0,0,0,0,0,0,
0,0,0,0,0,0,0,0,
0,0,0,0,0,0,0,0,
0,0,0,0,0,0,0,0,
0,0,0,0,0,0,0,0,
0,0,0,0,0,0,0,0,
0,0,0,0,0,0,0,0,
0,0,0,0,0,0,0,0,
0,0,0,0,0,0,0,0,
0,0,0,0,0,0,0,0,
0,0,0,0,0,0,0,0,
32,296,123.717605633803,45.3186819035844,0,200,74.2035211267606,42.4055718368816,
11,208,107.470588235294,34.2021892748782,8,176,84.7871148459384,40.2705076147873,
32,368,131.133550488599,56.8899023696522,0,368,74.228013029316,53.9531718504989,
32,336,131.21752265861,60.4705700652297,7,336,75.9979859013092,45.7389589137026,
12,344,136.634117647059,61.0404900391654,0,280,76.3435294117647,43.3947094825239,
11,240,113.99,49.0047946633796,1,216,79.295,49.0466917844619,
12,296,118.362244897959,50.3946304543837,0,224,77.8801020408163,50.4776007304209,
32,211,111.152834008097,34.9135705850424,0,192,67.2580971659919,34.7004997283824,
13,240,118.878167641326,38.1132478253999,0,208,72.2641325536062,39.4538670082966,
63,176,103.692307692308,29.613886075973,16,144,87.1153846153846,28.9406912403186,
51,232,120.380952380952,40.5087893936685,8,162,77.2321428571429,37.395564610673,
11,304,99.1492329149233,39.3041111707242,0,277,73.7266387726639,38.3468429508207,
11,272,120.572727272727,44.0113020796228,0,208,75.1863636363636,43.568512352329,
47,280,123.599464763604,43.9052499373324,0,192,69.2917038358608,36.2142451905884,
0,248,110.010921501706,37.1599607017501,0,200,66.558361774744,34.9865040783354,
12,248,106.921951219512,39.7985629854262,0,216,73.0243902439024,36.0368969488407,
38,38,38,0,0,0,0,0,
17,256,121.624637681159,46.5625305160397,0,240,69.6579710144928,40.4403171112336,
23,264,129.609207708779,53.2039061776751,0,256,76.4025695931477,44.5932681593497,
27,256,107.862352941176,40.4245105509912,0,184,67.6676470588235,37.7634371923599,
30,208,122.329617834395,39.0313194736476,0,192,74.0796178343949,38.7446733365487,
32,184,115.522727272727,40.5737200192236,14,184,90.1931818181818,43.2019196634051,
32,232,112.944170771757,38.1088688031439,1,232,77.2233169129721,43.2711242659331,
56,208,122.4,48.6542906638253,56,208,118.5,52.3569479629972,
15,248,108.101796407186,39.0610047564231,0,248,90.3053892215569,43.775381014131,
56,192,159,40.0998753115268,32,192,133.333333333333,56.8194020071,
0,0,0,0,0,0,0,0,
0,0,0,0,0,0,0,0,
0,0,0,0,0,0,0,0,
0,0,0,0,0,0,0,0,
0,0,0,0,0,0,0,0,
0,0,0,0,0,0,0,0,
0,0,0,0,0,0,0,0,
0,0,0,0,0,0,0,0,
0,0,0,0,0,0,0,0,
0,0,0,0,0,0,0,0,
0,0,0,0,0,0,0,0,
0,0,0,0,0,0,0,0,
0,0,0,0,0,0,0,0,
0,0,0,0,0,0,0,0,
0,0,0,0,0,0,0,0,
0,0,0,0,0,0,0,0,
0,0,0,0,0,0,0,0,
0,0,0,0,0,0,0,0,
0,0,0,0,0,0,0,0,
0,0,0,0,0,0,0,0,
0,0,0,0,0,0,0,0,
0,0,0,0,0,0,0,0,
0,0,0,0,0,0,0,0,
0,0,0,0,0,0,0,0,
0,0,0,0,0,0,0,0,
0,0,0,0,0,0,0,0,
0,0,0,0,0,0,0,0,
0,0,0,0,0,0,0,0,
0,0,0,0,0,0,0,0,
0,0,0,0,0,0,0,0,
0,0,0,0,0,0,0,0,
0,0,0,0,0,0,0,0,
0,0,0,0,0,0,0,0,
0,0,0,0,0,0,0,0,
0,0,0,0,0,0,0,0,
0,0,0,0,0,0,0,0,
0,0,0,0,0,0,0,0,
../data/Sarah-04-09-12_19-50-41.log,0,0,0,0,0,0,0,0,
0,0,0,0,0,0,0,0,
0,0,0,0,0,0,0,0,
0,0,0,0,0,0,0,0,
0,0,0,0,0,0,0,0,
0,0,0,0,0,0,0,0,
0,0,0,0,0,0,0,0,
11,500,80.4704264099037,29.1033380145145,11,500,79.7661623108666,29.1250977197351,
0,0,0,0,0,0,0,0,
0,0,0,0,0,0,0,0,
0,0,0,0,0,0,0,0,
0,0,0,0,0,0,0,0,
-995688,253527,35.0172413793103,101486.422329837,11,2416,158.844827586207,275.863834584867,
0,0,0,0,0,0,0,0,
0,0,0,0,0,0,0,0,
0,0,0,0,0,0,0,0,
0,0,0,0,0,0,0,0,
0,0,0,0,0,0,0,0,
0,0,0,0,0,0,0,0,
0,0,0,0,0,0,0,0,
0,0,0,0,0,0,0,0,
0,0,0,0,0,0,0,0,
0,0,0,0,0,0,0,0,
0,0,0,0,0,0,0,0,
0,0,0,0,0,0,0,0,
0,0,0,0,0,0,0,0,
0,0,0,0,0,0,0,0,
0,0,0,0,0,0,0,0,
0,0,0,0,0,0,0,0,
0,0,0,0,0,0,0,0,
0,0,0,0,0,0,0,0,
31,248,116.657969370391,35.9794858322717,0,224,92.9024390243902,38.8310710823466,
0,0,0,0,0,0,0,0,
0,0,0,0,0,0,0,0,
0,0,0,0,0,0,0,0,
93,109,101,8,93,109,101,8,
0,0,0,0,0,0,0,0,
0,0,0,0,0,0,0,0,
0,0,0,0,0,0,0,0,
0,0,0,0,0,0,0,0,
0,0,0,0,0,0,0,0,
0,0,0,0,0,0,0,0,
0,0,0,0,0,0,0,0,
0,0,0,0,0,0,0,0,
0,0,0,0,0,0,0,0,
0,0,0,0,0,0,0,0,
0,0,0,0,0,0,0,0,
0,0,0,0,0,0,0,0,
0,0,0,0,0,0,0,0,
0,0,0,0,0,0,0,0,
0,0,0,0,0,0,0,0,
0,0,0,0,0,0,0,0,
0,0,0,0,0,0,0,0,
0,0,0,0,0,0,0,0,
0,0,0,0,0,0,0,0,
0,0,0,0,0,0,0,0,
0,0,0,0,0,0,0,0,
0,0,0,0,0,0,0,0,
0,0,0,0,0,0,0,0,
0,0,0,0,0,0,0,0,
0,0,0,0,0,0,0,0,
0,0,0,0,0,0,0,0,
0,0,0,0,0,0,0,0,
0,0,0,0,0,0,0,0,
32,296,119.775248102744,43.2001037173597,0,200,77.7425569176883,40.7445695284653,
11,208,105.310023310023,33.459914677256,8,176,84.5221445221445,38.4839457226608,
32,368,124.821917808219,54.8865186595815,0,368,75.2219178082192,50.7049219371333,
22,336,125.911073825503,57.3961169399682,1,336,77.9706375838926,43.5530415291415,
12,344,129.306867998052,58.6155698871962,0,280,78.825621042377,41.1909148042701,
8,240,110.5,46.5436175359558,1,216,79.7791666666667,46.0981423990044,
12,296,117.828389830508,48.5074496195563,0,282,83.2118644067797,50.0751302823585,
32,211,109.213210702341,33.359632436726,0,192,71.7249163879599,34.8341327425096,
13,328,120.635408245756,41.6967976445033,0,208,75.5796281325788,38.5329327868824,
63,176,106.6875,29.4930473798487,16,156,92.5,30.6247448968967,
51,280,124.371287128713,43.6462576773128,8,280,83.970297029703,41.897199851032,
11,304,99.0172612197929,37.4992863926223,0,277,77.2013808975834,37.8788535597358,
11,272,118.175046554935,41.73159661125,0,208,78.780260707635,42.0904866962012,
16,280,122.949963208241,41.6365771928617,0,193,73.4157468727005,36.775036553051,
0,305,108.664391353811,37.1848225770985,0,203,70.0904436860068,34.7212417685635,
12,248,105.076923076923,37.4493200568285,0,216,76.7449392712551,34.971181378681,
32,62,44,12.9614813968157,0,62,31.3333333333333,25.31578339473,
17,256,115.963724304716,44.9600240510531,0,240,72.0338573155986,38.2134438886014,
23,264,124.960035523979,50.5766147774179,0,256,79.2460035523979,42.5318484472638,
11,256,106.477028347996,38.5256285718798,0,184,71.2126099706745,36.988786672752,
30,241,120.775265957447,38.4190399789998,0,193,78.3125,39.2739214693388,
32,184,108.783018867925,40.90785889274,14,184,87.7547169811321,40.7828606528908,
32,250,110.427595628415,37.3434649583205,0,250,78.8606557377049,41.6063681759663,
56,208,114.583333333333,48.0025317619348,56,208,111.333333333333,50.6677631460303,
15,248,106.888613861386,37.8063063661199,0,248,91.0940594059406,41.8250844288643,
16,192,137.272727272727,59.5010938159061,16,192,116.272727272727,63.652595332492,
0,0,0,0,0,0,0,0,
0,0,0,0,0,0,0,0,
0,0,0,0,0,0,0,0,
0,0,0,0,0,0,0,0,
0,0,0,0,0,0,0,0,
0,0,0,0,0,0,0,0,
0,0,0,0,0,0,0,0,
0,0,0,0,0,0,0,0,
0,0,0,0,0,0,0,0,
0,0,0,0,0,0,0,0,
0,0,0,0,0,0,0,0,
0,0,0,0,0,0,0,0,
0,0,0,0,0,0,0,0,
0,0,0,0,0,0,0,0,
0,0,0,0,0,0,0,0,
0,0,0,0,0,0,0,0,
0,0,0,0,0,0,0,0,
0,0,0,0,0,0,0,0,
0,0,0,0,0,0,0,0,
0,0,0,0,0,0,0,0,
0,0,0,0,0,0,0,0,
0,0,0,0,0,0,0,0,
0,0,0,0,0,0,0,0,
0,0,0,0,0,0,0,0,
0,0,0,0,0,0,0,0,
0,0,0,0,0,0,0,0,
0,0,0,0,0,0,0,0,
0,0,0,0,0,0,0,0,
0,0,0,0,0,0,0,0,
0,0,0,0,0,0,0,0,
0,0,0,0,0,0,0,0,
0,0,0,0,0,0,0,0,
0,0,0,0,0,0,0,0,
0,0,0,0,0,0,0,0,
0,0,0,0,0,0,0,0,
0,0,0,0,0,0,0,0,
0,0,0,0,0,0,0,0,
../data/Tylar-04-09-12_20-07-32.log,0,0,0,0,0,0,0,0,
0,0,0,0,0,0,0,0,
0,0,0,0,0,0,0,0,
0,0,0,0,0,0,0,0,
0,0,0,0,0,0,0,0,
0,0,0,0,0,0,0,0,
0,0,0,0,0,0,0,0,
11,16656,218.114488348531,966.613623285012,11,775,87.4265450861196,62.1894059570562,
0,0,0,0,0,0,0,0,
0,0,0,0,0,0,0,0,
0,0,0,0,0,0,0,0,
0,0,0,0,0,0,0,0,
-995688,253527,37.4793388429752,99367.4753768151,11,2416,156.190082644628,270.45649545667,
0,0,0,0,0,0,0,0,
0,0,0,0,0,0,0,0,
0,0,0,0,0,0,0,0,
0,0,0,0,0,0,0,0,
0,0,0,0,0,0,0,0,
0,0,0,0,0,0,0,0,
0,0,0,0,0,0,0,0,
0,0,0,0,0,0,0,0,
0,0,0,0,0,0,0,0,
0,0,0,0,0,0,0,0,
0,0,0,0,0,0,0,0,
0,0,0,0,0,0,0,0,
0,0,0,0,0,0,0,0,
0,0,0,0,0,0,0,0,
0,0,0,0,0,0,0,0,
0,0,0,0,0,0,0,0,
0,0,0,0,0,0,0,0,
0,0,0,0,0,0,0,0,
15,248,113.505156300355,34.8712454619942,0,224,91.2932645826619,37.2947649649356,
0,0,0,0,0,0,0,0,
0,0,0,0,0,0,0,0,
0,0,0,0,0,0,0,0,
93,109,101,8,93,109,101,8,
0,0,0,0,0,0,0,0,
0,0,0,0,0,0,0,0,
0,0,0,0,0,0,0,0,
0,0,0,0,0,0,0,0,
0,0,0,0,0,0,0,0,
0,0,0,0,0,0,0,0,
0,0,0,0,0,0,0,0,
0,0,0,0,0,0,0,0,
0,0,0,0,0,0,0,0,
0,0,0,0,0,0,0,0,
0,0,0,0,0,0,0,0,
0,0,0,0,0,0,0,0,
0,0,0,0,0,0,0,0,
0,0,0,0,0,0,0,0,
0,0,0,0,0,0,0,0,
0,0,0,0,0,0,0,0,
0,0,0,0,0,0,0,0,
0,0,0,0,0,0,0,0,
0,0,0,0,0,0,0,0,
0,0,0,0,0,0,0,0,
0,0,0,0,0,0,0,0,
0,0,0,0,0,0,0,0,
0,0,0,0,0,0,0,0,
0,0,0,0,0,0,0,0,
0,0,0,0,0,0,0,0,
0,0,0,0,0,0,0,0,
0,0,0,0,0,0,0,0,
0,0,0,0,0,0,0,0,
32,296,118.993083003953,42.3168449577108,0,200,76.6640316205534,39.7344541747861,
11,208,105.160079051383,31.5712392756582,8,176,84.9584980237154,37.634137656012,
32,368,123.68544600939,52.0354215255884,0,368,75.3943661971831,48.6381616262615,
22,336,121.539341917024,54.7575703782592,0,336,77.9363376251788,41.9446577790397,
12,344,126.073753605274,55.9418358474494,0,280,77.6868562010713,39.9957353037261,
0,240,107.003389830508,44.8689616251881,0,216,79.4305084745763,43.7805128627008,
12,296,114.460854092527,45.8187990523703,0,282,82.3327402135231,47.9545079794561,
0,211,106.71144278607,32.8982714690473,0,192,70.5856432125089,34.4312859787831,
13,328,118.389307745031,40.8560125096798,0,208,73.4242631939685,37.4814405165538,
45,176,101.102564102564,30.9033189419924,0,156,87.1282051282051,33.6278116637294,
51,280,122.662447257384,42.2804079165397,8,280,83.4050632911392,39.7599927160027,
11,304,97.5697674418605,36.3286166584692,0,277,76.5271317829457,36.2128350023182,
0,272,116.0848,40.6959163671246,0,208,77.7872,40.8768432753802,
16,280,120.236215538847,40.730084903598,0,193,72.0225563909774,35.7393550056766,
0,305,107.562409638554,36.685289182265,0,203,68.6896385542169,33.8659449888799,
12,248,105.784246575342,36.9595024360822,0,216,74.6575342465753,34.2105564009492,
32,62,44,12.9614813968157,0,62,31.3333333333333,25.31578339473,
0,256,113.654358974359,43.035543079864,0,240,70.6841025641026,37.0165133432641,
23,264,122.165779467681,48.6380115481524,0,256,76.8790874524715,41.8331628858965,
11,256,104.113636363636,36.9895101837854,0,184,70.3826446280992,36.0794215234772,
30,241,117.073779795687,38.0239813854493,0,193,75.8967082860386,38.2635226139845,
16,219,110.798387096774,42.164229572744,0,184,88.4435483870968,41.7261236380827,
32,265,110.61937716263,36.171965197909,0,250,77.762399077278,40.6670314173791,
56,208,113.866666666667,43.0625385018373,56,208,111.266666666667,45.4172752252806,
15,248,104.324210526316,36.2037529772797,0,248,89.7726315789474,40.0336028385242,
16,192,136.833333333333,56.9865968647209,16,192,109,65.5426070074523,
0,0,0,0,0,0,0,0,
0,0,0,0,0,0,0,0,
0,0,0,0,0,0,0,0,
0,0,0,0,0,0,0,0,
0,0,0,0,0,0,0,0,
0,0,0,0,0,0,0,0,
0,0,0,0,0,0,0,0,
0,0,0,0,0,0,0,0,
0,0,0,0,0,0,0,0,
0,0,0,0,0,0,0,0,
0,0,0,0,0,0,0,0,
0,0,0,0,0,0,0,0,
0,0,0,0,0,0,0,0,
0,0,0,0,0,0,0,0,
0,0,0,0,0,0,0,0,
0,0,0,0,0,0,0,0,
0,0,0,0,0,0,0,0,
0,0,0,0,0,0,0,0,
0,0,0,0,0,0,0,0,
0,0,0,0,0,0,0,0,
0,0,0,0,0,0,0,0,
0,0,0,0,0,0,0,0,
0,0,0,0,0,0,0,0,
0,0,0,0,0,0,0,0,
0,0,0,0,0,0,0,0,
0,0,0,0,0,0,0,0,
0,0,0,0,0,0,0,0,
0,0,0,0,0,0,0,0,
0,0,0,0,0,0,0,0,
0,0,0,0,0,0,0,0,
0,0,0,0,0,0,0,0,
0,0,0,0,0,0,0,0,
0,0,0,0,0,0,0,0,
0,0,0,0,0,0,0,0,
0,0,0,0,0,0,0,0,
0,0,0,0,0,0,0,0,
0,0,0,0,0,0,0,0,
../data/alex-04-10-12_19-13-11.log,0,0,0,0,0,0,0,0,
0,0,0,0,0,0,0,0,
0,0,0,0,0,0,0,0,
0,0,0,0,0,0,0,0,
0,0,0,0,0,0,0,0,
0,0,0,0,0,0,0,0,
0,0,0,0,0,0,0,0,
11,82475240,38127.6430853492,1761574.22078917,11,1162,97.4513920584208,79.3759048098283,
0,0,0,0,0,0,0,0,
0,0,0,0,0,0,0,0,
0,0,0,0,0,0,0,0,
0,0,0,0,0,0,0,0,
-995688,253527,41.4402985074627,94424.4688484195,0,2416,146.910447761194,258.657886847004,
0,0,0,0,0,0,0,0,
0,0,0,0,0,0,0,0,
0,0,0,0,0,0,0,0,
0,0,0,0,0,0,0,0,
0,0,0,0,0,0,0,0,
0,0,0,0,0,0,0,0,
0,0,0,0,0,0,0,0,
0,0,0,0,0,0,0,0,
0,0,0,0,0,0,0,0,
0,0,0,0,0,0,0,0,
0,0,0,0,0,0,0,0,
0,0,0,0,0,0,0,0,
0,0,0,0,0,0,0,0,
0,0,0,0,0,0,0,0,
0,0,0,0,0,0,0,0,
0,0,0,0,0,0,0,0,
0,0,0,0,0,0,0,0,
0,0,0,0,0,0,0,0,
0,248,107.605568117581,36.745400262467,0,224,87.3305539853024,37.214877694982,
0,0,0,0,0,0,0,0,
0,0,0,0,0,0,0,0,
0,0,0,0,0,0,0,0,
93,109,101,8,93,109,101,8,
0,0,0,0,0,0,0,0,
0,0,0,0,0,0,0,0,
0,0,0,0,0,0,0,0,
0,0,0,0,0,0,0,0,
0,0,0,0,0,0,0,0,
0,0,0,0,0,0,0,0,
0,0,0,0,0,0,0,0,
0,0,0,0,0,0,0,0,
0,0,0,0,0,0,0,0,
0,0,0,0,0,0,0,0,
0,0,0,0,0,0,0,0,
0,0,0,0,0,0,0,0,
0,0,0,0,0,0,0,0,
0,0,0,0,0,0,0,0,
0,0,0,0,0,0,0,0,
0,0,0,0,0,0,0,0,
0,0,0,0,0,0,0,0,
0,0,0,0,0,0,0,0,
0,0,0,0,0,0,0,0,
0,0,0,0,0,0,0,0,
0,0,0,0,0,0,0,0,
0,0,0,0,0,0,0,0,
0,0,0,0,0,0,0,0,
0,0,0,0,0,0,0,0,
0,0,0,0,0,0,0,0,
0,0,0,0,0,0,0,0,
0,0,0,0,0,0,0,0,
0,0,0,0,0,0,0,0,
28,296,115.106493506494,42.2898256295026,0,200,74.5155844155844,38.8330255025295,
11,208,99.447504302926,33.432637049826,0,176,81.302925989673,37.005434894734,
14,368,117.600414078675,52.3740702031283,0,368,73.6687370600414,46.5232415465114,
0,336,115.143663739021,54.5488977574425,0,336,75.935382685069,40.2379711088473,
12,344,118.973314100252,56.00797823636,0,280,74.9826902271908,38.8206653300093,
0,240,101.793413173653,44.9446347869763,0,216,77.3922155688623,41.9861546811757,
12,296,109.003125,45.9401103637591,0,282,80.09375,45.9929745824023,
0,211,100.983198506534,34.8166193029802,0,192,68.9881767268202,32.9950381455515,
13,328,113.756170981337,41.757782168261,0,208,70.266104756171,36.9858522970225,
45,176,95.8222222222222,31.8672865273667,0,156,82.9555555555555,33.3379700478835,
43,280,116.464944649446,43.5503448317006,8,280,79.7527675276753,38.8676643711608,
11,304,92.376170212766,37.1978005843282,0,277,73.4502127659574,35.4761992428824,
0,272,109.646153846154,42.1548506847795,0,208,74.958041958042,39.5060186838663,
16,280,113.851321585903,42.4685544255218,0,193,69.6470264317181,34.7037076687733,
0,305,101.754860524091,38.6150771577443,0,203,66.1352493660186,32.9984036103206,
12,248,100.48048048048,39.6858203103208,0,216,71.984984984985,33.3510279577798,
32,62,44,12.9614813968157,0,62,31.3333333333333,25.31578339473,
0,256,108.477947794779,43.3146153664016,0,240,68.7587758775878,36.2219052423201,
23,264,117.036740146961,48.4907485153382,0,256,74.9425517702071,40.5912470652411,
11,256,99.6875901875902,37.1520191911453,0,184,69.1269841269841,34.7093752362146,
14,241,109.874875868918,40.8546511029319,0,193,73.4170804369414,36.9104881741721,
16,219,106.642857142857,42.1226222607573,0,184,84.5428571428571,41.780099744901,
15,265,104.856275303644,38.0727993148008,0,250,75.082995951417,39.5526758172393,
31,208,106.882352941176,45.4647663878191,31,208,104.588235294118,47.1119552999016,
15,248,98.8592321755027,36.9506356026483,0,248,85.6087751371115,39.4162680870144,
16,192,136.357142857143,54.9475167030935,15,192,95.8571428571429,68.6958692279208,
0,0,0,0,0,0,0,0,
0,0,0,0,0,0,0,0,
0,0,0,0,0,0,0,0,
0,0,0,0,0,0,0,0,
0,0,0,0,0,0,0,0,
0,0,0,0,0,0,0,0,
0,0,0,0,0,0,0,0,
0,0,0,0,0,0,0,0,
0,0,0,0,0,0,0,0,
0,0,0,0,0,0,0,0,
0,0,0,0,0,0,0,0,
0,0,0,0,0,0,0,0,
0,0,0,0,0,0,0,0,
0,0,0,0,0,0,0,0,
0,0,0,0,0,0,0,0,
0,0,0,0,0,0,0,0,
0,0,0,0,0,0,0,0,
0,0,0,0,0,0,0,0,
0,0,0,0,0,0,0,0,
0,0,0,0,0,0,0,0,
0,0,0,0,0,0,0,0,
0,0,0,0,0,0,0,0,
0,0,0,0,0,0,0,0,
0,0,0,0,0,0,0,0,
0,0,0,0,0,0,0,0,
0,0,0,0,0,0,0,0,
0,0,0,0,0,0,0,0,
0,0,0,0,0,0,0,0,
0,0,0,0,0,0,0,0,
0,0,0,0,0,0,0,0,
0,0,0,0,0,0,0,0,
0,0,0,0,0,0,0,0,
0,0,0,0,0,0,0,0,
0,0,0,0,0,0,0,0,
0,0,0,0,0,0,0,0,
0,0,0,0,0,0,0,0,
0,0,0,0,0,0,0,0,
../data/anon1776-04-09-12_15-57-52.log,0,0,0,0,0,0,0,0,
0,0,0,0,0,0,0,0,
0,0,0,0,0,0,0,0,
0,0,0,0,0,0,0,0,
0,0,0,0,0,0,0,0,
0,0,0,0,0,0,0,0,
0,0,0,0,0,0,0,0,
-99068378,82475240,-5602.04681504221,2525134.01694284,11,1544,115.750191864927,112.430147794608,
0,0,0,0,0,0,0,0,
0,0,0,0,0,0,0,0,
0,0,0,0,0,0,0,0,
0,0,0,0,0,0,0,0,
-995688,253527,44.0208333333333,91086.8549071791,0,2416,142.166666666667,250.178935963842,
0,0,0,0,0,0,0,0,
0,0,0,0,0,0,0,0,
0,0,0,0,0,0,0,0,
0,0,0,0,0,0,0,0,
0,0,0,0,0,0,0,0,
0,0,0,0,0,0,0,0,
0,0,0,0,0,0,0,0,
0,0,0,0,0,0,0,0,
0,0,0,0,0,0,0,0,
0,0,0,0,0,0,0,0,
0,0,0,0,0,0,0,0,
0,0,0,0,0,0,0,0,
0,0,0,0,0,0,0,0,
0,0,0,0,0,0,0,0,
0,0,0,0,0,0,0,0,
0,0,0,0,0,0,0,0,
0,0,0,0,0,0,0,0,
0,0,0,0,0,0,0,0,
0,264,111.568340829585,37.0415633240419,0,224,88.6188155922039,37.9538601863498,
0,0,0,0,0,0,0,0,
0,0,0,0,0,0,0,0,
0,0,0,0,0,0,0,0,
93,109,101,8,93,109,101,8,
0,0,0,0,0,0,0,0,
0,0,0,0,0,0,0,0,
0,0,0,0,0,0,0,0,
0,0,0,0,0,0,0,0,
0,0,0,0,0,0,0,0,
0,0,0,0,0,0,0,0,
0,0,0,0,0,0,0,0,
0,0,0,0,0,0,0,0,
0,0,0,0,0,0,0,0,
0,0,0,0,0,0,0,0,
0,0,0,0,0,0,0,0,
0,0,0,0,0,0,0,0,
0,0,0,0,0,0,0,0,
0,0,0,0,0,0,0,0,
0,0,0,0,0,0,0,0,
0,0,0,0,0,0,0,0,
0,0,0,0,0,0,0,0,
0,0,0,0,0,0,0,0,
0,0,0,0,0,0,0,0,
0,0,0,0,0,0,0,0,
0,0,0,0,0,0,0,0,
0,0,0,0,0,0,0,0,
0,0,0,0,0,0,0,0,
0,0,0,0,0,0,0,0,
0,0,0,0,0,0,0,0,
0,0,0,0,0,0,0,0,
0,0,0,0,0,0,0,0,
0,0,0,0,0,0,0,0,
28,296,117.012298232129,40.9906046791993,0,214,74.7252113758647,39.0038653070532,
11,208,100.688549618321,32.8425451153244,0,176,79.2396946564886,37.3552650762165,
14,368,118.001834862385,50.2270623747636,0,368,74.1688073394495,45.2211785596161,
0,336,114.610987791343,52.0163590678739,0,336,76.5072142064373,39.5916476116848,
12,344,119.787220447284,53.8844233771637,0,280,74.5498402555911,38.3285974406006,
0,240,102.210666666667,43.0053750852405,0,216,77.3866666666667,40.8922790865084,
12,296,108.469529085873,44.0196982732314,0,282,79.3060941828255,44.3982442252479,
0,211,102.576626240353,33.9416521275403,0,192,68.6571113561191,32.9440801412415,
13,328,115.996798292423,41.2857779952011,0,208,71.1814300960512,37.1919529298482,
45,177,102,35.8011173010005,0,156,82.26,33.486003046049,
43,280,117.618421052632,42.1788070709447,8,280,79.7105263157895,38.8525606381876,
11,304,94.2794229309036,37.662703701203,0,277,73.4335611237661,35.7913407592849,
0,272,111.001240694789,41.1572213822776,0,208,73.6575682382134,39.1717838015544,
16,280,114.293743890518,41.4149805722223,0,193,69.4731182795699,34.1879116756725,
0,305,105.074934432372,39.9374886828222,0,216,67.7632071937055,33.5717768211759,
12,255,104.125668449198,41.8131537008887,0,216,71.9304812834225,33.3684740465634,
32,62,44,12.9614813968157,0,62,31.3333333333333,25.31578339473,
0,256,110.1604743083,42.3543159782856,0,240,68.9683794466403,36.1735030139289,
23,264,116.733372572101,46.7487002571819,0,256,74.956444967628,39.8065715833071,
11,256,100.629984051037,35.8957945207242,0,184,69.0909090909091,34.4498946922791,
14,252,111.611403508772,40.4171325900551,0,193,73.1771929824561,36.7843669957571,
16,219,106.25,41.373319936453,0,184,83.1538461538462,40.33722494144,
15,265,106.320179372197,37.5820381670944,0,250,74.5058295964126,39.0848073210708,
31,208,107.842105263158,43.5820619278581,31,208,103.105263157895,44.8082402394002,
15,248,100.557536466775,36.6814268879213,0,248,84.9254457050243,39.0857132848578,
16,192,134.733333333333,53.4309107373459,15,192,96.9333333333333,66.4885620907002,
0,0,0,0,0,0,0,0,
0,0,0,0,0,0,0,0,
0,0,0,0,0,0,0,0,
0,0,0,0,0,0,0,0,
0,0,0,0,0,0,0,0,
0,0,0,0,0,0,0,0,
0,0,0,0,0,0,0,0,
0,0,0,0,0,0,0,0,
0,0,0,0,0,0,0,0,
0,0,0,0,0,0,0,0,
0,0,0,0,0,0,0,0,
0,0,0,0,0,0,0,0,
0,0,0,0,0,0,0,0,
0,0,0,0,0,0,0,0,
0,0,0,0,0,0,0,0,
0,0,0,0,0,0,0,0,
0,0,0,0,0,0,0,0,
0,0,0,0,0,0,0,0,
0,0,0,0,0,0,0,0,
0,0,0,0,0,0,0,0,
0,0,0,0,0,0,0,0,
0,0,0,0,0,0,0,0,
0,0,0,0,0,0,0,0,
0,0,0,0,0,0,0,0,
0,0,0,0,0,0,0,0,
0,0,0,0,0,0,0,0,
0,0,0,0,0,0,0,0,
0,0,0,0,0,0,0,0,
0,0,0,0,0,0,0,0,
0,0,0,0,0,0,0,0,
0,0,0,0,0,0,0,0,
0,0,0,0,0,0,0,0,
0,0,0,0,0,0,0,0,
0,0,0,0,0,0,0,0,
0,0,0,0,0,0,0,0,
0,0,0,0,0,0,0,0,
0,0,0,0,0,0,0,0,
../data/anonymous-04-09-12_15-43-16.log,0,0,0,0,0,0,0,0,
0,0,0,0,0,0,0,0,
0,0,0,0,0,0,0,0,
0,0,0,0,0,0,0,0,
0,0,0,0,0,0,0,0,
0,0,0,0,0,0,0,0,
0,0,0,0,0,0,0,0,
-99068378,82475240,-5213.63903659681,2280127.28769899,0,1544,110.280575539568,102.621545112834,
0,0,0,0,0,0,0,0,
0,0,0,0,0,0,0,0,
0,0,0,0,0,0,0,0,
0,0,0,0,0,0,0,0,
-995688,253527,47.4331210191083,87234.2699568692,0,2416,137.452229299363,240.15389030799,
0,0,0,0,0,0,0,0,
0,0,0,0,0,0,0,0,
0,0,0,0,0,0,0,0,
0,0,0,0,0,0,0,0,
0,0,0,0,0,0,0,0,
0,0,0,0,0,0,0,0,
0,0,0,0,0,0,0,0,
0,0,0,0,0,0,0,0,
0,0,0,0,0,0,0,0,
0,0,0,0,0,0,0,0,
0,0,0,0,0,0,0,0,
0,0,0,0,0,0,0,0,
0,0,0,0,0,0,0,0,
0,0,0,0,0,0,0,0,
0,0,0,0,0,0,0,0,
0,0,0,0,0,0,0,0,
0,0,0,0,0,0,0,0,
0,0,0,0,0,0,0,0,
0,264,108.766558332399,36.5329797027681,0,224,87.80903283649,36.6432021286132,
0,0,0,0,0,0,0,0,
0,0,0,0,0,0,0,0,
0,0,0,0,0,0,0,0,
93,127,109.666666666667,13.8884444373331,93,127,109.666666666667,13.8884444373331,
125,125,125,0,109,109,109,0,
187,187,187,0,78,78,78,0,
0,0,0,0,0,0,0,0,
0,0,0,0,0,0,0,0,
0,0,0,0,0,0,0,0,
0,0,0,0,0,0,0,0,
0,0,0,0,0,0,0,0,
0,0,0,0,0,0,0,0,
0,0,0,0,0,0,0,0,
31,85,65.75,17.2028340688388,31,85,63.75,19.9734198373739,
0,0,0,0,0,0,0,0,
0,0,0,0,0,0,0,0,
0,0,0,0,0,0,0,0,
0,0,0,0,0,0,0,0,
0,0,0,0,0,0,0,0,
0,0,0,0,0,0,0,0,
0,0,0,0,0,0,0,0,
0,0,0,0,0,0,0,0,
0,0,0,0,0,0,0,0,
0,0,0,0,0,0,0,0,
47,47,47,0,47,47,47,0,
0,0,0,0,0,0,0,0,
0,0,0,0,0,0,0,0,
0,0,0,0,0,0,0,0,
0,0,0,0,0,0,0,0,
0,0,0,0,0,0,0,0,
0,0,0,0,0,0,0,0,
0,0,0,0,0,0,0,0,
0,296,114.217600550017,40.4897453324785,0,214,74.133379168099,38.4415296623137,
11,208,100.445054945055,32.4375520537346,0,176,77.4381868131868,37.9645442313006,
14,368,115.226384364821,48.8662258979244,0,368,74.3403908794788,43.5125474865849,
0,336,112.104031856645,50.3390854388347,0,336,76.6127426580388,38.5500825808779,
12,344,116.186788154898,52.3101553612772,0,280,73.999430523918,37.6253712884803,
0,240,101.068396226415,41.6633242325568,0,216,76.5731132075472,39.605058921743,
0,296,105.905521472393,42.9492741913345,0,282,77.0110429447853,44.1053243118628,
0,211,102.108588351431,33.4940441329557,0,192,67.241362290227,33.3863158761027,
13,328,114.656145384983,40.7644302084656,0,208,70.3945480631277,36.9146358308091,
16,177,99.1186440677966,35.7671778077463,0,156,79.2372881355932,34.715472534934,
0,280,115.291545189504,41.7815660065805,0,280,79.3731778425656,38.0381975135027,
11,304,94.2438524590164,36.4344041971634,0,277,73.2875683060109,35.4676017573043,
0,272,109.650055370986,39.9188464899859,0,208,72.3255813953488,38.8912827058861,
0,280,111.685863874346,40.7882082568626,0,193,68.8429319371728,33.9690949745983,
0,26661,506.74479516454,1896.45087627911,0,1591,71.2044996642042,58.0257534696167,
12,255,103.869358669834,40.9786403641825,0,216,72.4560570071259,33.8043988288104,
32,62,44,12.9614813968157,0,62,31.3333333333333,25.31578339473,
0,256,107.640864714086,41.1287060818397,0,240,69.6171548117155,35.4568197325291,
23,264,113.903106898368,45.4928321100246,0,256,74.8220115850448,39.0602472762338,
0,256,99.3124821479577,35.1459930807013,0,187,68.492430734076,34.5591613397828,
14,252,109.517591868647,39.7239827295298,0,193,71.6551993745113,36.6544942554082,
16,219,104.19209039548,39.6645160785209,0,184,82.4293785310734,38.8966011057506,
15,265,105.815471394037,36.6995197318568,0,250,74.5423045930701,38.9411013028131,
31,208,105.761904761905,42.0202952800132,31,208,100.761904761905,43.4926427953541,
15,248,99.7112375533428,35.6026830470259,0,248,82.6657183499289,38.9921107352586,
16,192,128.058823529412,53.4145503290181,15,192,94.7058823529412,62.7523280148257,
0,0,0,0,0,0,0,0,
0,0,0,0,0,0,0,0,
0,0,0,0,0,0,0,0,
0,0,0,0,0,0,0,0,
0,0,0,0,0,0,0,0,
0,0,0,0,0,0,0,0,
0,0,0,0,0,0,0,0,
0,0,0,0,0,0,0,0,
0,0,0,0,0,0,0,0,
0,0,0,0,0,0,0,0,
0,0,0,0,0,0,0,0,
0,0,0,0,0,0,0,0,
0,0,0,0,0,0,0,0,
0,0,0,0,0,0,0,0,
0,0,0,0,0,0,0,0,
0,0,0,0,0,0,0,0,
0,0,0,0,0,0,0,0,
0,0,0,0,0,0,0,0,
0,0,0,0,0,0,0,0,
0,0,0,0,0,0,0,0,
0,0,0,0,0,0,0,0,
0,0,0,0,0,0,0,0,
0,0,0,0,0,0,0,0,
0,0,0,0,0,0,0,0,
0,0,0,0,0,0,0,0,
0,0,0,0,0,0,0,0,
0,0,0,0,0,0,0,0,
0,0,0,0,0,0,0,0,
0,0,0,0,0,0,0,0,
0,0,0,0,0,0,0,0,
0,0,0,0,0,0,0,0,
0,0,0,0,0,0,0,0,
0,0,0,0,0,0,0,0,
0,0,0,0,0,0,0,0,
0,0,0,0,0,0,0,0,
0,0,0,0,0,0,0,0,
0,0,0,0,0,0,0,0,
../data/jfdihdjhvuUWU!!!!!jfd-04-09-12_15-56-56.log,0,0,0,0,0,0,0,0,
0,0,0,0,0,0,0,0,
0,0,0,0,0,0,0,0,
0,0,0,0,0,0,0,0,
0,0,0,0,0,0,0,0,
0,0,0,0,0,0,0,0,
0,0,0,0,0,0,0,0,
-99068378,82475240,-4523.35817242317,2126100.29503935,0,1544,104.88822409573,96.9589168864985,
0,0,0,0,0,0,0,0,
0,0,0,0,0,0,0,0,
0,0,0,0,0,0,0,0,
0,0,0,0,0,0,0,0,
-995688,253527,50.2307692307692,84080.1753982823,0,2416,133.85798816568,231.908656162406,
0,0,0,0,0,0,0,0,
0,0,0,0,0,0,0,0,
0,0,0,0,0,0,0,0,
0,0,0,0,0,0,0,0,
0,0,0,0,0,0,0,0,
0,0,0,0,0,0,0,0,
0,0,0,0,0,0,0,0,
0,0,0,0,0,0,0,0,
0,0,0,0,0,0,0,0,
0,0,0,0,0,0,0,0,
0,0,0,0,0,0,0,0,
0,0,0,0,0,0,0,0,
0,0,0,0,0,0,0,0,
0,0,0,0,0,0,0,0,
0,0,0,0,0,0,0,0,
0,0,0,0,0,0,0,0,
0,0,0,0,0,0,0,0,
0,0,0,0,0,0,0,0,
0,264,106.956900922827,35.5999483307666,0,224,85.9639995943616,36.286064163464,
0,0,0,0,0,0,0,0,
0,0,0,0,0,0,0,0,
0,0,0,0,0,0,0,0,
93,127,109.666666666667,13.8884444373331,93,127,109.666666666667,13.8884444373331,
125,125,125,0,109,109,109,0,
187,187,187,0,78,78,78,0,
0,0,0,0,0,0,0,0,
0,0,0,0,0,0,0,0,
0,0,0,0,0,0,0,0,
0,0,0,0,0,0,0,0,
0,0,0,0,0,0,0,0,
0,0,0,0,0,0,0,0,
0,0,0,0,0,0,0,0,
31,85,65.75,17.2028340688388,31,85,63.75,19.9734198373739,
0,0,0,0,0,0,0,0,
51,51,51,0,10,10,10,0,
0,0,0,0,0,0,0,0,
0,0,0,0,0,0,0,0,
0,0,0,0,0,0,0,0,
0,0,0,0,0,0,0,0,
0,0,0,0,0,0,0,0,
0,0,0,0,0,0,0,0,
0,0,0,0,0,0,0,0,
0,0,0,0,0,0,0,0,
47,47,47,0,47,47,47,0,
0,0,0,0,0,0,0,0,
0,0,0,0,0,0,0,0,
0,0,0,0,0,0,0,0,
0,0,0,0,0,0,0,0,
0,0,0,0,0,0,0,0,
0,0,0,0,0,0,0,0,
0,0,0,0,0,0,0,0,
0,296,115.671143035603,40.0091366580196,0,214,73.711742660837,38.3838031669318,
11,208,97.8352059925094,32.5903765425436,0,176,76.1485642946317,37.3716249729628,
1,368,114.522058823529,47.3229777094664,0,368,73.9529411764706,42.9651105740879,
0,336,111.528532608696,48.5994805731212,0,336,75.9610507246377,37.9042142935956,
12,344,116.020935642285,50.8708379789903,0,280,73.5112432153011,37.1327237507662,
0,240,101.460215053763,40.4921209375141,0,216,77.4989247311828,38.8879905021514,
0,296,105.712694877506,41.398356423461,0,282,77.06570155902,42.821132144516,
0,211,99.8345999105945,33.3716076027967,0,192,65.7089852481001,33.093462623207,
0,328,112.250215703192,40.3169757176146,0,208,69.3783433994823,36.1149611613914,
0,177,95.1666666666667,37.4443357909882,0,156,77.3939393939394,35.1114583679402,
0,280,113.133507853403,41.6987510673227,0,280,77.2643979057592,37.8724193325888,
11,304,92.8674101610905,35.5868801424647,0,277,72.6765799256506,34.6127736296916,
0,272,106.354,39.8342400956765,0,208,70.981,37.9633591638043,
0,280,108.808939873418,40.5005113948357,0,193,67.3520569620253,33.5369899534229,
-116055,26661,696.455707762557,2982.93108070044,0,1591,72.3768645357686,62.2109815285144,
12,255,102.465811965812,40.0460859775145,0,216,71.732905982906,33.6555456767993,
32,62,44,12.9614813968157,0,62,31.3333333333333,25.31578339473,
0,256,107.839723444375,39.9277956855643,0,240,69.2790697674419,34.8980925769307,
23,264,113.242583732057,44.268180165244,0,256,74.5870813397129,38.5601540329032,
0,256,99.3284161490683,34.1570792988581,0,187,68.3830227743271,34.2256666000369,
9,252,107.127402135231,39.1848815625767,0,193,70.3330960854093,36.3869096855459,
1,219,103.319587628866,39.158690202644,0,184,81.4587628865979,38.9100317083103,
15,265,106.504011670314,36.1478519087804,0,250,74.3260393873085,38.5046650994779,
31,208,104.041666666667,41.3496061717105,31,208,99.6666666666667,42.5163367294137,
15,248,98.9857697283312,34.9587974715364,0,248,80.3816300129366,38.8867466813499,
16,192,125.833333333333,52.7143771238507,15,192,94.3333333333333,61.0036428784744,
0,0,0,0,0,0,0,0,
0,0,0,0,0,0,0,0,
0,0,0,0,0,0,0,0,
0,0,0,0,0,0,0,0,
0,0,0,0,0,0,0,0,
0,0,0,0,0,0,0,0,
0,0,0,0,0,0,0,0,
0,0,0,0,0,0,0,0,
0,0,0,0,0,0,0,0,
0,0,0,0,0,0,0,0,
0,0,0,0,0,0,0,0,
0,0,0,0,0,0,0,0,
0,0,0,0,0,0,0,0,
0,0,0,0,0,0,0,0,
0,0,0,0,0,0,0,0,
0,0,0,0,0,0,0,0,
0,0,0,0,0,0,0,0,
0,0,0,0,0,0,0,0,
0,0,0,0,0,0,0,0,
0,0,0,0,0,0,0,0,
0,0,0,0,0,0,0,0,
0,0,0,0,0,0,0,0,
0,0,0,0,0,0,0,0,
0,0,0,0,0,0,0,0,
0,0,0,0,0,0,0,0,
0,0,0,0,0,0,0,0,
0,0,0,0,0,0,0,0,
0,0,0,0,0,0,0,0,
0,0,0,0,0,0,0,0,
0,0,0,0,0,0,0,0,
0,0,0,0,0,0,0,0,
0,0,0,0,0,0,0,0,
0,0,0,0,0,0,0,0,
0,0,0,0,0,0,0,0,
0,0,0,0,0,0,0,0,
0,0,0,0,0,0,0,0,
0,0,0,0,0,0,0,0,
../data/pete-04-10-12_18-59-38.log,0,0,0,0,0,0,0,0,
0,0,0,0,0,0,0,0,
0,0,0,0,0,0,0,0,
0,0,0,0,0,0,0,0,
0,0,0,0,0,0,0,0,
0,0,0,0,0,0,0,0,
0,0,0,0,0,0,0,0,
-99068378,82475240,-3807.45716395864,2022837.53450555,0,1544,121.322993599212,128.443816285559,
0,0,0,0,0,0,0,0,
0,0,0,0,0,0,0,0,
0,0,0,0,0,0,0,0,
0,0,0,0,0,0,0,0,
-995688,253527,51.731843575419,81697.8162884223,0,2416,130.687150837989,225.804390559158,
0,0,0,0,0,0,0,0,
0,0,0,0,0,0,0,0,
0,0,0,0,0,0,0,0,
0,0,0,0,0,0,0,0,
0,0,0,0,0,0,0,0,
0,0,0,0,0,0,0,0,
0,0,0,0,0,0,0,0,
0,0,0,0,0,0,0,0,
0,0,0,0,0,0,0,0,
0,0,0,0,0,0,0,0,
0,0,0,0,0,0,0,0,
0,0,0,0,0,0,0,0,
0,0,0,0,0,0,0,0,
0,0,0,0,0,0,0,0,
0,0,0,0,0,0,0,0,
0,0,0,0,0,0,0,0,
0,0,0,0,0,0,0,0,
0,0,0,0,0,0,0,0,
0,264,105.435381750466,35.1151658797316,0,247,86.1017690875233,35.4314978472669,
0,0,0,0,0,0,0,0,
0,0,0,0,0,0,0,0,
0,0,0,0,0,0,0,0,
93,127,109.666666666667,13.8884444373331,93,127,109.666666666667,13.8884444373331,
125,125,125,0,109,109,109,0,
187,187,187,0,78,78,78,0,
0,0,0,0,0,0,0,0,
0,0,0,0,0,0,0,0,
0,0,0,0,0,0,0,0,
0,0,0,0,0,0,0,0,
0,0,0,0,0,0,0,0,
0,0,0,0,0,0,0,0,
0,0,0,0,0,0,0,0,
31,85,65.75,17.2028340688388,31,85,63.75,19.9734198373739,
0,0,0,0,0,0,0,0,
51,51,51,0,10,10,10,0,
0,0,0,0,0,0,0,0,
0,0,0,0,0,0,0,0,
0,0,0,0,0,0,0,0,
0,0,0,0,0,0,0,0,
0,0,0,0,0,0,0,0,
0,0,0,0,0,0,0,0,
0,0,0,0,0,0,0,0,
0,0,0,0,0,0,0,0,
47,47,47,0,47,47,47,0,
0,0,0,0,0,0,0,0,
0,0,0,0,0,0,0,0,
0,0,0,0,0,0,0,0,
0,0,0,0,0,0,0,0,
0,0,0,0,0,0,0,0,
0,0,0,0,0,0,0,0,
0,0,0,0,0,0,0,0,
0,296,115.593589009731,39.099658735351,0,214,76.7137950772753,38.965331027208,
11,208,95.6922196796339,32.6611163419488,0,176,75.6441647597254,36.5020035693519,
1,368,111.564276048714,46.8846177775945,0,368,74.234100135318,41.6677122215942,
0,336,108.300537412154,47.9291993226074,0,336,75.6986357999173,36.7818688006357,
12,344,112.305982501773,50.5112244212897,0,280,73.3901631591393,36.0258250253943,
0,240,98.9110251450677,40.2454247230013,0,216,77.3597678916828,38.042455240426,
0,296,102.898565573771,41.117970000461,0,282,76.5409836065574,41.3875916981589,
0,211,96.9626129827445,33.8651052932783,0,192,65.4543960558751,32.159482398186,
0,328,110.729527559055,40.8321954251956,0,208,68.7141732283465,35.6424970280588,
0,177,91.1410256410256,36.2790906647463,0,156,75.8974358974359,33.0852007133989,
0,280,110.043165467626,41.9416410533541,0,280,76.3453237410072,36.9218590698433,
11,304,91.4142045454546,35.0666171613399,0,277,72.7494318181818,33.8355691294462,
0,272,104.706801470588,39.3515858216815,0,208,71.1305147058823,37.114061407327,
0,280,106.673818181818,40.4991780608361,0,193,67.4658181818182,32.8783227116374,
-116055,95853288,27748.0200557103,1599541.68613885,0,1750,79.6325905292479,91.3162102096315,
12,255,101.326213592233,40.0571726390902,0,216,72.5106796116505,34.2341081056679,
32,62,44,12.9614813968157,0,62,31.3333333333333,25.31578339473,
0,256,104.944539736993,39.7822663224869,0,240,69.7953116066324,34.1179697722606,
23,264,110.564649542882,43.4768572165406,0,256,75.0391815411406,37.4857074702564,
0,256,97.1743249644718,33.9791423777606,0,187,68.5774514448129,33.3777816554248,
9,252,104.795691906005,39.0013309972933,0,193,69.4530026109661,35.807849688852,
1,219,100.892018779343,39.1018002318376,0,184,80.981220657277,38.1238360790626,
15,265,103.663989290495,36.5538362811625,0,250,73.8728246318608,37.5702807429015,
31,208,102.230769230769,40.2733999751962,31,208,98.1923076923077,41.21894563535,
0,248,96.7607142857143,34.8193792437253,0,248,79.6404761904762,37.7959342706632,
16,192,123.789473684211,52.0359986197495,15,192,93.9473684210526,59.3991615076479,
0,0,0,0,0,0,0,0,
0,0,0,0,0,0,0,0,
0,0,0,0,0,0,0,0,
0,0,0,0,0,0,0,0,
0,0,0,0,0,0,0,0,
0,0,0,0,0,0,0,0,
0,0,0,0,0,0,0,0,
0,0,0,0,0,0,0,0,
0,0,0,0,0,0,0,0,
0,0,0,0,0,0,0,0,
0,0,0,0,0,0,0,0,
0,0,0,0,0,0,0,0,
0,0,0,0,0,0,0,0,
0,0,0,0,0,0,0,0,
0,0,0,0,0,0,0,0,
0,0,0,0,0,0,0,0,
0,0,0,0,0,0,0,0,
0,0,0,0,0,0,0,0,
0,0,0,0,0,0,0,0,
0,0,0,0,0,0,0,0,
0,0,0,0,0,0,0,0,
0,0,0,0,0,0,0,0,
0,0,0,0,0,0,0,0,
0,0,0,0,0,0,0,0,
0,0,0,0,0,0,0,0,
0,0,0,0,0,0,0,0,
0,0,0,0,0,0,0,0,
0,0,0,0,0,0,0,0,
0,0,0,0,0,0,0,0,
0,0,0,0,0,0,0,0,
0,0,0,0,0,0,0,0,
0,0,0,0,0,0,0,0,
0,0,0,0,0,0,0,0,
0,0,0,0,0,0,0,0,
0,0,0,0,0,0,0,0,
0,0,0,0,0,0,0,0,
0,0,0,0,0,0,0,0,
../data/tjf1043-04-09-12_15-16-14.log,0,0,0,0,0,0,0,0,
0,0,0,0,0,0,0,0,
0,0,0,0,0,0,0,0,
0,0,0,0,0,0,0,0,
0,0,0,0,0,0,0,0,
0,0,0,0,0,0,0,0,
0,0,0,0,0,0,0,0,
-99068378,82475240,-3807.45716395864,2022837.53450555,0,1544,121.322993599212,128.443816285559,
0,0,0,0,0,0,0,0,
0,0,0,0,0,0,0,0,
0,0,0,0,0,0,0,0,
0,0,0,0,0,0,0,0,
-995688,253527,51.8563535911602,81245.1933986758,0,2416,129.939226519337,224.688468571028,
0,0,0,0,0,0,0,0,
0,0,0,0,0,0,0,0,
0,0,0,0,0,0,0,0,
0,0,0,0,0,0,0,0,
0,0,0,0,0,0,0,0,
0,0,0,0,0,0,0,0,
0,0,0,0,0,0,0,0,
0,0,0,0,0,0,0,0,
0,0,0,0,0,0,0,0,
0,0,0,0,0,0,0,0,
0,0,0,0,0,0,0,0,
0,0,0,0,0,0,0,0,
0,0,0,0,0,0,0,0,
0,0,0,0,0,0,0,0,
0,0,0,0,0,0,0,0,
0,0,0,0,0,0,0,0,
0,0,0,0,0,0,0,0,
0,0,0,0,0,0,0,0,
0,264,103.388304295325,34.9862363016622,0,247,85.0642573745041,34.9966743882674,
0,0,0,0,0,0,0,0,
0,0,0,0,0,0,0,0,
0,0,0,0,0,0,0,0,
93,127,109.666666666667,13.8884444373331,93,127,109.666666666667,13.8884444373331,
125,125,125,0,109,109,109,0,
187,187,187,0,78,78,78,0,
0,0,0,0,0,0,0,0,
0,0,0,0,0,0,0,0,
0,0,0,0,0,0,0,0,
0,0,0,0,0,0,0,0,
0,0,0,0,0,0,0,0,
0,0,0,0,0,0,0,0,
0,0,0,0,0,0,0,0,
31,85,65.75,17.2028340688388,31,85,63.75,19.9734198373739,
0,0,0,0,0,0,0,0,
51,56,53.5,2.5,10,56,33,23,
0,0,0,0,0,0,0,0,
0,0,0,0,0,0,0,0,
0,0,0,0,0,0,0,0,
0,0,0,0,0,0,0,0,
0,0,0,0,0,0,0,0,
0,0,0,0,0,0,0,0,
0,0,0,0,0,0,0,0,
0,0,0,0,0,0,0,0,
47,47,47,0,47,47,47,0,
0,0,0,0,0,0,0,0,
0,0,0,0,0,0,0,0,
0,0,0,0,0,0,0,0,
0,0,0,0,0,0,0,0,
0,0,0,0,0,0,0,0,
0,0,0,0,0,0,0,0,
0,0,0,0,0,0,0,0,
0,296,115.406374501992,38.8626014573786,0,214,76.2733067729084,38.6956447969256,
11,208,94.5987394957983,32.0171749879568,0,176,74.9989495798319,35.8961064891652,
1,368,111.165404040404,45.9878295833393,0,368,73.7247474747475,41.1481370847124,
0,336,106.902570003836,46.9293115342858,0,336,75.5573456079785,36.2575345757848,
0,344,110.786716352477,49.6943297406848,0,280,73.0718982902236,35.6791084007677,
0,240,98.0593525179856,39.198788736767,0,216,77.5647482014388,37.1869346656683,
0,296,101.439885496183,40.6506740691586,0,282,76.1202290076336,40.71658761264,
0,211,95.43552681628,33.5027196786109,0,192,65.6614682388741,31.7555367517302,
0,328,109.448200654308,40.1619511762109,0,208,68.8873137041076,35.1607052988066,
0,177,91.2643678160919,35.5412856157601,0,156,75.7011494252874,32.6662379549145,
0,280,107.828125,41.6670949103737,0,280,75.8169642857143,36.2414088055778,
0,304,90.5558496559026,34.5268583576217,0,277,72.793541556379,33.2524352106158,
0,272,103.187873612297,38.6203650189574,0,208,71.0973526900085,36.3288766322891,
0,280,104.941236068896,40.0118091951348,0,193,67.2823370482945,32.7134249967466,
-100781511,95853288,-54.7050583657588,2240114.17087351,0,1750,85.3086900129702,113.966157238979,
0,255,100.31376146789,39.93111837016,0,216,72.3889908256881,33.7576232354191,
32,62,44,12.9614813968157,0,62,31.3333333333333,25.31578339473,
0,256,104.454690831557,38.8725649435204,0,240,69.3683368869936,34.1037117515057,
0,264,109.85552407932,42.8543665326783,0,256,74.4314042897612,37.499127862661,
0,256,96.2848671205798,33.3550393292983,0,187,68.3531737316055,33.2799099197943,
9,252,103.734261501211,38.1463057468238,0,193,69.3462469733656,35.3757925563492,
1,219,100.061403508772,38.3855750244801,0,184,80.2324561403509,37.9954221518026,
0,265,103.152173913043,36.4145875263622,0,250,73.2031055900621,37.6065326067579,
31,208,100.392857142857,39.5116070520643,31,208,96.6428571428571,40.2494137363819,
0,248,96.0033149171271,34.0283760375317,0,248,79.539226519337,37.0937122556437,
16,192,124.35,50.7772340719736,15,192,91.2,59.120723946853,
0,0,0,0,0,0,0,0,
0,0,0,0,0,0,0,0,
0,0,0,0,0,0,0,0,
0,0,0,0,0,0,0,0,
0,0,0,0,0,0,0,0,
0,0,0,0,0,0,0,0,
0,0,0,0,0,0,0,0,
0,0,0,0,0,0,0,0,
0,0,0,0,0,0,0,0,
0,0,0,0,0,0,0,0,
0,0,0,0,0,0,0,0,
0,0,0,0,0,0,0,0,
0,0,0,0,0,0,0,0,
0,0,0,0,0,0,0,0,
0,0,0,0,0,0,0,0,
0,0,0,0,0,0,0,0,
0,0,0,0,0,0,0,0,
0,0,0,0,0,0,0,0,
0,0,0,0,0,0,0,0,
0,0,0,0,0,0,0,0,
0,0,0,0,0,0,0,0,
0,0,0,0,0,0,0,0,
0,0,0,0,0,0,0,0,
0,0,0,0,0,0,0,0,
0,0,0,0,0,0,0,0,
0,0,0,0,0,0,0,0,
0,0,0,0,0,0,0,0,
0,0,0,0,0,0,0,0,
0,0,0,0,0,0,0,0,
0,0,0,0,0,0,0,0,
0,0,0,0,0,0,0,0,
0,0,0,0,0,0,0,0,
0,0,0,0,0,0,0,0,
0,0,0,0,0,0,0,0,
0,0,0,0,0,0,0,0,
0,0,0,0,0,0,0,0,
0,0,0,0,0,0,0,0,
